file,start,end,F0semitoneFrom27.5Hz_sma3nz_amean,F0semitoneFrom27.5Hz_sma3nz_stddevNorm,F0semitoneFrom27.5Hz_sma3nz_percentile20.0,F0semitoneFrom27.5Hz_sma3nz_percentile50.0,F0semitoneFrom27.5Hz_sma3nz_percentile80.0,F0semitoneFrom27.5Hz_sma3nz_pctlrange0-2,F0semitoneFrom27.5Hz_sma3nz_meanRisingSlope,F0semitoneFrom27.5Hz_sma3nz_stddevRisingSlope,F0semitoneFrom27.5Hz_sma3nz_meanFallingSlope,F0semitoneFrom27.5Hz_sma3nz_stddevFallingSlope,loudness_sma3_amean,loudness_sma3_stddevNorm,loudness_sma3_percentile20.0,loudness_sma3_percentile50.0,loudness_sma3_percentile80.0,loudness_sma3_pctlrange0-2,loudness_sma3_meanRisingSlope,loudness_sma3_stddevRisingSlope,loudness_sma3_meanFallingSlope,loudness_sma3_stddevFallingSlope,jitterLocal_sma3nz_amean,jitterLocal_sma3nz_stddevNorm,shimmerLocaldB_sma3nz_amean,shimmerLocaldB_sma3nz_stddevNorm,HNRdBACF_sma3nz_amean,HNRdBACF_sma3nz_stddevNorm,logRelF0-H1-H2_sma3nz_amean,logRelF0-H1-H2_sma3nz_stddevNorm,logRelF0-H1-A3_sma3nz_amean,logRelF0-H1-A3_sma3nz_stddevNorm,F1frequency_sma3nz_amean,F1frequency_sma3nz_stddevNorm,F1bandwidth_sma3nz_amean,F1bandwidth_sma3nz_stddevNorm,F1amplitudeLogRelF0_sma3nz_amean,F1amplitudeLogRelF0_sma3nz_stddevNorm,F2frequency_sma3nz_amean,F2frequency_sma3nz_stddevNorm,F2amplitudeLogRelF0_sma3nz_amean,F2amplitudeLogRelF0_sma3nz_stddevNorm,F3frequency_sma3nz_amean,F3frequency_sma3nz_stddevNorm,F3amplitudeLogRelF0_sma3nz_amean,F3amplitudeLogRelF0_sma3nz_stddevNorm,alphaRatioV_sma3nz_amean,alphaRatioV_sma3nz_stddevNorm,hammarbergIndexV_sma3nz_amean,hammarbergIndexV_sma3nz_stddevNorm,slopeV0-500_sma3nz_amean,slopeV0-500_sma3nz_stddevNorm,slopeV500-1500_sma3nz_amean,slopeV500-1500_sma3nz_stddevNorm,alphaRatioUV_sma3nz_amean,hammarbergIndexUV_sma3nz_amean,slopeUV0-500_sma3nz_amean,slopeUV500-1500_sma3nz_amean,loudnessPeaksPerSec,VoicedSegmentsPerSec,MeanVoicedSegmentLengthSec,StddevVoicedSegmentLengthSec,MeanUnvoicedSegmentLength,StddevUnvoicedSegmentLength
C:\Users\Danson\Documents\GitHub\CZ4042-assignment-grouped\input\Actor_01\03-01-01-01-01-01-01.wav,0 days,0 days 00:00:03.303291667,24.263882,0.10417109,21.653507,23.907377,27.101028,5.447521,104.43661,113.43728,31.389975,8.258446,0.110050865,1.41079,0.0025381176,0.011108264,0.2327144,0.23017628,3.259262,1.5737915,3.9384446,2.2485027,0.037904795,0.9456391,1.4894191,0.72059,2.2673109,1.2860849,2.7624772,1.4539231,19.43091,0.3088577,531.88824,0.5494,1055.5863,0.27170333,-139.4837,-0.6357872,1477.9144,0.22944239,-141.36519,-0.603904,2510.8298,0.1396549,-143.5905,-0.5718592,-11.643292,-0.5451915,19.907448,0.37282008,0.073546074,0.39283317,-0.010039252,-1.2036864,-2.23288,10.639625,0.05806425,0.011219681,2.1276596,0.9259259,0.33666667,0.22691163,0.53999996,0.48026034
C:\Users\Danson\Documents\GitHub\CZ4042-assignment-grouped\input\Actor_01\03-01-01-01-01-02-01.wav,0 days,0 days 00:00:03.336666667,25.167887,0.10356061,23.178244,25.003677,27.69986,4.521616,56.69507,18.043522,9.703037,9.479506,0.11380911,1.4049448,0.00364856,0.014938576,0.23316912,0.22952056,3.13405,1.3768517,3.7782702,2.3283634,0.023065848,0.8327043,1.6825556,0.57338804,3.2895575,0.91163045,4.4284563,0.78155667,21.039085,0.29919043,562.9614,0.54262763,1038.7886,0.26975396,-139.97949,-0.62607425,1526.3601,0.24334463,-140.79219,-0.60015094,2538.441,0.134083,-142.90822,-0.56999975,-12.260626,-0.5311463,19.767748,0.37127256,0.07623236,0.3627026,-0.009698525,-1.0998908,-2.2346468,10.72184,0.050419495,0.012740946,2.4096386,1.2232416,0.2575,0.08982622,0.53499997,0.48520613
C:\Users\Danson\Documents\GitHub\CZ4042-assignment-grouped\input\Actor_01\03-01-01-01-02-01-01.wav,0 days,0 days 00:00:03.269916667,24.186604,0.103494905,22.35391,23.728384,27.093285,4.739374,209.15268,255.81094,13.067581,11.15327,0.12920983,1.429387,0.0034784055,0.009519156,0.26552522,0.2620468,3.9736674,2.6112924,3.4761536,2.3303394,0.04545255,1.8597615,1.602726,0.7354848,2.7564077,1.1649374,3.1501403,3.5114918,20.13977,0.3305085,484.182,0.47884557,1178.5167,0.2001062,-136.13573,-0.6733555,1447.8007,0.20154491,-135.41458,-0.65258795,2462.3364,0.11314478,-137.77107,-0.6175622,-12.270457,-0.51902777,20.737755,0.36630678,0.07496938,0.34881166,-0.012636585,-0.8633165,-1.5646839,9.447987,0.055127468,0.014029234,2.1538463,0.63091487,0.545,0.175,0.6766666,0.414836
C:\Users\Danson\Documents\GitHub\CZ4042-assignment-grouped\input\Actor_01\03-01-01-01-02-02-01.wav,0 days,0 days 00:00:03.169833333,24.268759,0.09604213,22.443832,24.47897,26.744179,4.3003464,159.00505,128.23387,31.33165,10.120676,0.12532137,1.483866,0.005231081,0.012053806,0.26482025,0.25958917,2.970293,1.7921376,3.4305441,1.9977576,0.03373958,1.1395651,1.6023065,0.7280515,2.8690133,0.91433614,0.53621256,7.349873,20.31267,0.30877435,501.78186,0.5520756,1119.5336,0.21955475,-136.2682,-0.6612372,1456.5543,0.25273028,-138.57277,-0.622872,2463.8958,0.14343451,-141.33788,-0.5829613,-12.642012,-0.585799,21.029684,0.42885855,0.066051446,0.42154983,-0.010524916,-1.1061114,-2.113302,10.585737,0.05681534,0.012168602,2.2222223,0.9771987,0.3333333,0.26737404,0.5,0.44570166
C:\Users\Danson\Documents\GitHub\CZ4042-assignment-grouped\input\Actor_02\03-01-01-01-01-01-02.wav,0 days,0 days 00:00:03.636958333,36.796463,0.13502856,34.24703,35.355083,41.928215,7.6811867,-44.759808,45.28003,15.73199,0.0,0.16877896,1.4418691,0.0051424224,0.015500918,0.29309243,0.28795,5.608688,5.301493,5.4354258,3.2876098,0.026857035,1.1988658,1.4774328,0.8089034,6.4126782,0.7382576,8.578806,1.1831894,17.570148,0.5295487,629.2519,0.36199516,1313.8866,0.24724157,-153.73259,-0.5210067,1668.3611,0.14159392,-145.47214,-0.5660914,2737.5745,0.09395843,-146.97252,-0.5432839,-8.675667,-1.1459985,18.766659,0.6302102,0.12086765,0.2509652,-0.010635249,-1.2762009,-4.4060464,12.353103,0.09231276,0.0075359875,2.2099447,1.4005603,0.206,0.13979985,0.4083333,0.48498854
C:\Users\Danson\Documents\GitHub\CZ4042-assignment-grouped\input\Actor_02\03-01-01-01-01-02-02.wav,0 days,0 days 00:00:03.603604167,37.380665,0.15590405,33.849945,36.183968,42.13081,8.280865,-58.55797,54.26569,18.135653,0.0,0.17238805,1.406807,0.0048447168,0.017053993,0.2999371,0.29509237,3.7092378,1.8476217,5.7138433,3.4308577,0.018497733,1.6010624,1.2641826,0.6689566,6.4930167,0.8071368,9.289335,0.9860229,15.971099,0.58843195,660.7287,0.40417466,1246.8823,0.2832337,-145.55748,-0.5769663,1697.5824,0.15270786,-138.04234,-0.616781,2746.7673,0.10377734,-139.2912,-0.5984511,-8.468027,-1.0103875,17.2509,0.6053753,0.123644955,0.26475233,-0.011961474,-0.98229134,-2.688553,11.353637,0.07384927,0.00985915,1.9498608,1.6949153,0.19,0.18457156,0.3242857,0.44106546
C:\Users\Danson\Documents\GitHub\CZ4042-assignment-grouped\input\Actor_02\03-01-01-01-02-01-02.wav,0 days,0 days 00:00:03.770416667,36.3145,0.14799213,34.088573,36.8983,40.708183,6.61961,116.860695,74.88115,29.806776,0.0,0.22503889,1.4454359,0.0050310814,0.017679472,0.3828044,0.3777733,4.9083147,2.2741086,4.714848,2.9041598,0.03821351,2.0092907,1.4295192,0.7961453,5.9389386,0.99378675,7.2174215,1.23803,19.473814,0.38901538,555.9949,0.368909,1271.1982,0.2354445,-142.10733,-0.6218518,1607.4277,0.14545794,-131.32167,-0.6786096,2691.6965,0.096009105,-133.8817,-0.63959676,-10.16883,-0.8306815,20.806023,0.46530133,0.12591141,0.21594997,-0.012593089,-1.0709642,-3.1957326,11.291951,0.06430091,0.009372914,1.8617021,1.0781672,0.33499998,0.21383405,0.5675,0.48925325
C:\Users\Danson\Documents\GitHub\CZ4042-assignment-grouped\input\Actor_02\03-01-01-01-02-02-02.wav,0 days,0 days 00:00:03.603583333,37.287174,0.09290819,33.947918,36.73786,40.04474,6.096821,8.33015,11.895621,24.279556,1.9604517,0.20886126,1.4600904,0.007139529,0.019959416,0.34666038,0.33952084,5.652922,2.8719733,4.6368003,2.9980822,0.018022055,0.80818784,1.2379572,0.7826947,6.4149485,0.83360153,7.012682,1.301978,18.880728,0.43528888,574.7039,0.48767778,1223.9363,0.23044059,-150.13753,-0.55353105,1609.0139,0.14294587,-138.20709,-0.6197786,2741.1726,0.09940591,-140.22696,-0.5898175,-9.322155,-0.887346,19.591566,0.5143662,0.13356036,0.23769073,-0.008618059,-1.4827824,-3.384514,10.74415,0.08399665,0.007729834,1.9498608,1.4124295,0.22999999,0.17720045,0.38,0.495345
C:\Users\Danson\Documents\GitHub\CZ4042-assignment-grouped\input\Actor_03\03-01-01-01-01-01-03.wav,0 days,0 days 00:00:03.436770833,29.886553,0.13601588,25.579985,31.20575,33.019123,7.4391384,-13.76075,35.044952,22.903507,16.071135,0.17597954,1.3499535,0.003415003,0.021829937,0.32141188,0.3179969,4.497064,2.169858,5.2105355,3.0223122,0.033123866,1.4436404,1.5360382,0.7550082,4.178033,1.0514113,4.689644,1.9119968,16.513985,0.43553394,570.47577,0.47170627,1125.1261,0.24610277,-136.06662,-0.6643797,1602.6692,0.18196851,-136.87279,-0.6320269,2561.2068,0.13575433,-137.61058,-0.62103885,-11.332557,-0.526141,18.319658,0.33952406,0.10283926,0.3729985,-0.015901515,-0.60649174,-3.7075422,12.041005,0.08034041,0.009087833,2.0467837,1.1869437,0.28,0.20796634,0.432,0.476294
C:\Users\Danson\Documents\GitHub\CZ4042-assignment-grouped\input\Actor_03\03-01-01-01-01-02-03.wav,0 days,0 days 00:00:03.503499999,27.875303,0.18895848,24.160948,27.833,33.133286,8.972338,164.49739,177.67311,89.20471,74.13703,0.16682489,1.2505333,0.015169055,0.03343432,0.32615113,0.31098208,3.583683,1.6750312,4.6141615,2.4192405,0.03682423,1.8256803,1.5805627,0.6610817,2.958404,1.5134255,9.249657,2.2364953,19.2431,0.39549354,554.6285,0.55571586,1103.813,0.27456436,-136.46834,-0.65744734,1540.1552,0.17699957,-134.21252,-0.65144885,2524.4683,0.1396446,-135.75146,-0.6290029,-10.982006,-0.66483176,18.56732,0.44374344,0.073412776,0.48584604,-0.016925724,-0.6344128,-11.928638,21.4196,-0.0055661676,0.0052911,2.0057306,1.7441862,0.19333334,0.0869227,0.30714285,0.43216118
C:\Users\Danson\Documents\GitHub\CZ4042-assignment-grouped\input\Actor_03\03-01-01-01-02-01-03.wav,0 days,0 days 00:00:03.503499999,27.724577,0.12710059,25.141756,28.601553,30.483902,5.342146,88.66361,147.59497,24.508354,19.240417,0.19651154,1.3395628,0.005340172,0.026542177,0.3272441,0.32190394,4.6486735,3.3550742,5.675365,3.3622205,0.022812352,1.4390779,1.2250681,0.65169394,3.771577,1.0257735,0.5125354,9.0632,15.685191,0.47146252,534.2348,0.46295044,1103.7762,0.20947967,-139.72032,-0.6404107,1597.3868,0.17519683,-139.07912,-0.6187124,2542.831,0.11799837,-139.62541,-0.6103896,-10.425363,-0.6969239,17.585495,0.41897443,0.10457762,0.21632628,-0.0145522505,-0.61827934,-3.3895543,11.755727,0.060952663,0.007959199,2.0057306,1.1627908,0.275,0.21742815,0.45,0.46350834
C:\Users\Danson\Documents\GitHub\CZ4042-assignment-grouped\input\Actor_03\03-01-01-01-02-02-03.wav,0 days,0 days 00:00:03.470145833,27.78292,0.16417913,22.52148,29.814201,31.203932,8.682451,70.80161,42.55013,18.100077,16.477493,0.20379235,1.4369633,0.014230109,0.031923596,0.31525886,0.30102876,3.9555163,3.595414,5.1329536,2.7428873,0.028469572,1.6513113,1.2905777,0.6263251,3.1195002,1.5506908,1.9600793,2.336215,17.171936,0.37478986,658.374,0.48929054,1062.9116,0.24273667,-131.44221,-0.7063857,1724.5972,0.2022863,-134.04787,-0.6545477,2728.444,0.19429694,-135.34563,-0.63550705,-11.351726,-0.6465725,18.128717,0.42186671,0.10245583,0.22785267,-0.015663445,-0.6989654,-1.986708,8.953605,0.066217765,0.0067618326,2.0231214,1.1730206,0.295,0.20031224,0.53249997,0.44403684
C:\Users\Danson\Documents\GitHub\CZ4042-assignment-grouped\input\Actor_04\03-01-01-01-01-01-04.wav,0 days,0 days 00:00:03.303291667,37.438076,0.12336463,32.69398,37.54129,43.877396,11.183414,55.664055,45.34144,26.64146,4.0951896,0.13136707,1.4057204,0.001284528,0.012633412,0.27018213,0.2688976,4.3894205,2.503532,3.862976,2.0835412,0.015291442,0.90082055,1.2336737,0.73317885,7.9003553,0.5433913,8.090195,1.0794748,17.738134,0.629555,649.87885,0.47947806,1165.1512,0.27089942,-145.41925,-0.5779358,1611.1371,0.22115669,-138.4068,-0.61875635,2789.1655,0.11767115,-140.7757,-0.5841938,-9.160336,-0.8304349,18.771332,0.5089858,0.13291748,0.2510689,-0.008282676,-1.3712358,-2.143286,9.548175,0.110920504,0.013532649,2.7355623,1.2345679,0.265,0.13086252,0.52,0.470691
C:\Users\Danson\Documents\GitHub\CZ4042-assignment-grouped\input\Actor_04\03-01-01-01-01-02-04.wav,0 days,0 days 00:00:03.370041667,37.25952,0.10806805,33.13789,37.235603,42.796326,9.658436,22.935297,7.198885,22.130835,4.322561,0.13943367,1.4191587,0.0030586682,0.013379367,0.2871879,0.28412923,4.297449,2.4410608,4.1110973,2.5559618,0.015414081,0.9623957,1.1222867,0.764732,8.364906,0.45051205,8.424153,1.0790768,20.042545,0.49160108,593.21643,0.42136657,1180.8154,0.26457256,-150.08156,-0.54890394,1600.7897,0.20674866,-139.32472,-0.6126095,2818.729,0.10577624,-141.92029,-0.5746619,-10.504564,-0.8072445,20.184069,0.50827897,0.13244362,0.18618055,-0.012886607,-0.9303825,-3.207214,10.515179,0.1161818,0.010767224,2.6785715,1.2084593,0.26749998,0.08257572,0.43400002,0.4786063
C:\Users\Danson\Documents\GitHub\CZ4042-assignment-grouped\input\Actor_04\03-01-01-01-02-01-04.wav,0 days,0 days 00:00:03.269937500,36.36179,0.0923483,33.65219,35.219566,39.259373,5.6071815,101.19879,102.82913,20.586605,3.441185,0.12917301,1.4443549,0.0010339657,0.009911762,0.27484113,0.27380717,2.6408792,1.6322659,1.5992479,0.56858516,0.017042348,1.054819,0.88966125,0.5546385,7.615113,0.53738207,7.156481,1.0898517,24.91824,0.39666966,543.716,0.32676524,1208.8639,0.20869385,-146.13466,-0.5931977,1542.2561,0.15927958,-137.61961,-0.63162255,2754.9153,0.117575645,-140.98051,-0.58239204,-10.468256,-0.74115044,22.291277,0.459805,0.15040395,0.17797181,-0.0117841745,-1.023363,-3.1676428,10.1545105,0.12390083,0.01601016,1.8461539,0.93750006,0.35333332,0.094633795,0.5175,0.4778271
C:\Users\Danson\Documents\GitHub\CZ4042-assignment-grouped\input\Actor_04\03-01-01-01-02-02-04.wav,0 days,0 days 00:00:03.236562500,35.4275,0.09153127,32.48033,34.7921,37.71865,5.2383194,95.686264,57.434975,24.599241,12.184474,0.11545853,1.4403828,0.0010339657,0.010279043,0.25283742,0.25180346,2.7652726,1.5475698,2.92815,1.6564287,0.027998077,1.5028267,1.0436105,0.7745126,6.8594255,0.6241234,6.981097,1.0231203,24.282158,0.37274888,549.3703,0.39945692,1156.5426,0.20206825,-148.04573,-0.5735381,1555.3337,0.18379976,-142.39954,-0.5886519,2736.4243,0.11045324,-144.95415,-0.55213124,-10.695643,-0.690163,21.290792,0.4637551,0.1448608,0.16848971,-0.012749001,-0.69328994,-3.8845804,11.060603,0.120508775,0.014556852,2.173913,1.5772872,0.19,0.086486995,0.42,0.46968073
C:\Users\Danson\Documents\GitHub\CZ4042-assignment-grouped\input\Actor_05\03-01-01-01-01-01-05.wav,0 days,0 days 00:00:03.603604167,25.341387,0.12457222,23.20589,26.70432,27.90271,4.6968193,95.316,64.19163,30.22142,1.9346824,0.08108032,1.3422184,0.0072753523,0.0164575,0.15002176,0.1427464,2.7842598,1.5767204,2.0953226,0.95934665,0.01951802,1.2056396,1.4543244,0.8202243,3.5154128,1.3658372,4.3686213,2.9474602,22.352991,0.30990484,485.11923,0.3719948,1227.2073,0.17898257,-150.24239,-0.54417074,1466.9656,0.18999468,-152.65392,-0.5054456,2506.0723,0.1101453,-154.40013,-0.48085317,-13.812299,-0.5826789,22.921871,0.36222732,0.05802439,0.620059,-0.01636645,-0.77926654,-10.283462,22.00795,0.00085041724,0.008931426,2.5069637,1.9774011,0.12142857,0.04580348,0.3175,0.40211162
C:\Users\Danson\Documents\GitHub\CZ4042-assignment-grouped\input\Actor_05\03-01-01-01-01-02-05.wav,0 days,0 days 00:00:03.636979167,22.503939,0.14258388,19.464544,22.308624,26.569683,7.105139,190.5437,151.56342,16.8653,21.682686,0.07754653,1.3765153,0.007564726,0.026365448,0.14289553,0.13533081,2.612687,1.5546625,2.0628335,1.2744656,0.020877548,0.8970484,1.3665861,0.7090196,2.0422287,1.5805222,3.9513998,1.0380276,20.456963,0.38318872,460.22147,0.3660458,1205.674,0.22855778,-155.97409,-0.504345,1456.3677,0.18557726,-157.98102,-0.47198266,2457.5176,0.11083165,-159.05084,-0.45647115,-12.467887,-0.643072,21.022715,0.3978617,0.029411433,1.3078339,-0.016812513,-0.6471742,-8.673776,20.77122,-2.3729393e-05,0.010607059,2.486188,1.9607843,0.108571425,0.033135466,0.33249998,0.3919104
C:\Users\Danson\Documents\GitHub\CZ4042-assignment-grouped\input\Actor_05\03-01-01-01-02-01-05.wav,0 days,0 days 00:00:03.103083333,25.172665,0.26553753,22.214855,25.326775,26.552212,4.3373566,29.95094,42.93975,71.29375,0.0,0.115484506,1.3318285,0.0077837557,0.020323956,0.2327013,0.22491755,2.9683504,1.6657463,3.1668065,1.859273,0.028309701,0.9829054,1.6656405,0.7101803,1.7727859,2.4482293,3.9708107,1.0277226,18.684134,0.42811397,517.3901,0.50242686,1254.0471,0.22111738,-141.285,-0.61814576,1539.3347,0.21673883,-137.00693,-0.6294427,2556.2568,0.14667422,-138.72092,-0.6030787,-10.59892,-0.8780809,18.611664,0.5426411,0.06790719,0.45298842,-0.012971963,-1.06257,-9.2500105,20.097317,0.002935894,0.012995965,2.588997,1.6447369,0.19399999,0.15473849,0.39,0.4232257
C:\Users\Danson\Documents\GitHub\CZ4042-assignment-grouped\input\Actor_05\03-01-01-01-02-02-05.wav,0 days,0 days 00:00:03.603604167,24.83175,0.30832002,21.19956,23.297867,27.01337,5.8138103,49.48425,33.37784,132.06682,0.0,0.09262594,1.2979646,0.0068078414,0.017014986,0.19257835,0.18577051,2.5020132,1.4765642,2.0944948,1.3942873,0.033788722,1.1063727,1.724325,0.8130485,2.8212378,1.2484374,3.211354,1.5138489,22.720215,0.49441978,468.9983,0.3991624,1255.1301,0.18595836,-143.02554,-0.6126659,1420.9045,0.1809524,-144.06137,-0.5758306,2488.462,0.12697785,-145.69038,-0.5490841,-12.950461,-0.7408644,22.066833,0.5078163,0.059178222,0.6148495,-0.014903962,-0.71083134,-9.320922,19.723656,0.00411332,0.008059956,2.5069637,1.6949153,0.17166665,0.09788031,0.34,0.4425898
C:\Users\Danson\Documents\GitHub\CZ4042-assignment-grouped\input\Actor_06\03-01-01-01-01-01-06.wav,0 days,0 days 00:00:03.336666667,36.356518,0.09750552,33.62629,36.801216,40.100708,6.4744186,46.124672,40.241207,66.51263,34.91495,0.10421424,1.3528631,0.0077707586,0.015366541,0.19972974,0.19195898,2.0333743,1.2446225,2.4441326,1.734465,0.028364258,1.6260704,1.1324064,0.71855664,6.8383565,0.9234991,5.126757,2.1112459,14.542964,0.6068817,524.13556,0.3715805,1206.2144,0.22461343,-156.38475,-0.510645,1563.6439,0.1804996,-143.38779,-0.5851335,2567.8025,0.112093166,-145.10327,-0.55939025,-9.437901,-0.857105,19.20862,0.4667655,0.119887464,0.19808774,-0.010968121,-1.0802866,0.92863214,6.502924,0.07108178,0.010575479,2.4096386,1.8348624,0.15666667,0.085958645,0.3142857,0.4255033
C:\Users\Danson\Documents\GitHub\CZ4042-assignment-grouped\input\Actor_06\03-01-01-01-01-02-06.wav,0 days,0 days 00:00:03.603604167,36.43207,0.0679066,34.321278,37.2601,38.295628,3.97435,18.58966,10.2094,33.757828,24.45087,0.13128044,1.2422479,0.010381141,0.03250513,0.21944082,0.20905967,2.3624551,1.1133648,2.6377094,1.8995758,0.01702058,1.019184,0.9821049,0.63751733,7.2496395,0.79312724,3.1151068,3.1064563,12.553536,0.6612879,473.96536,0.36013585,1160.6902,0.2064448,-147.88084,-0.570317,1544.8921,0.16803195,-129.56981,-0.68560255,2549.1685,0.110344864,-130.72537,-0.6670235,-8.83709,-0.75942934,17.867935,0.43122888,0.10949045,0.3240754,-0.011927667,-1.0809733,-2.2563477,9.785975,0.051645096,0.0068598962,2.2284124,1.6949153,0.21166666,0.09154537,0.355,0.45002776
C:\Users\Danson\Documents\GitHub\CZ4042-assignment-grouped\input\Actor_06\03-01-01-01-02-01-06.wav,0 days,0 days 00:00:03.403395833,36.129135,0.07639421,34.420418,36.052258,38.537003,4.116585,12.879044,26.35283,10.209727,2.633936,0.1306413,1.3796041,0.010560619,0.019610107,0.24897264,0.23841202,2.5119195,1.215536,2.3714926,1.4570355,0.017655812,1.9294343,0.87990564,0.8180949,8.570694,0.4894501,5.1692743,1.9126338,16.86502,0.5648186,444.8893,0.3709217,1158.037,0.22351365,-153.03172,-0.53987974,1505.0918,0.16928369,-133.6211,-0.6616978,2536.4763,0.10873492,-135.40782,-0.6343605,-8.905518,-0.7842551,18.031744,0.43797094,0.1191691,0.2027071,-0.012323686,-0.9544836,-3.6927576,10.932676,0.053958118,0.0071565285,1.7699115,1.497006,0.22799999,0.12560254,0.41599998,0.43232393
C:\Users\Danson\Documents\GitHub\CZ4042-assignment-grouped\input\Actor_06\03-01-01-01-02-02-06.wav,0 days,0 days 00:00:03.436770833,35.934383,0.061418418,34.24123,36.534737,37.75035,3.509121,58.964123,74.67872,10.453835,10.9303665,0.12753421,1.2801387,0.009494246,0.018907944,0.24694785,0.23745361,2.7032673,1.159631,2.6578271,1.3795798,0.013819099,0.9825785,1.0287501,0.72132176,8.0886,0.4851835,5.080663,1.9470626,17.269619,0.49292833,500.80127,0.44893518,1123.4794,0.21595716,-142.99655,-0.6083667,1567.319,0.20404771,-130.9228,-0.6762702,2580.2522,0.12685789,-132.7947,-0.6474985,-10.219927,-0.6995434,19.090128,0.42959416,0.12218895,0.24172682,-0.012686279,-0.8879593,-1.1065403,7.836618,0.06398559,0.007693525,2.0467837,1.4836795,0.242,0.1231909,0.408,0.43888038
C:\Users\Danson\Documents\GitHub\CZ4042-assignment-grouped\input\Actor_07\03-01-01-01-01-01-07.wav,0 days,0 days 00:00:03.903916667,25.956709,0.1447336,23.0358,24.38891,30.512096,7.4762955,139.92136,113.53185,18.63139,8.472376,0.13494052,1.1410121,0.015759949,0.05859248,0.24560368,0.22984374,2.0909739,1.1588364,2.7232418,1.6334465,0.016645648,1.1838132,1.2312294,0.8098077,4.5354285,0.75875705,3.989503,1.4559983,19.573639,0.38401887,456.49945,0.43865088,1146.1318,0.2572968,-125.953735,-0.7381338,1456.8682,0.20557973,-129.6813,-0.67281044,2423.8652,0.113382034,-130.9008,-0.6538294,-14.169522,-0.5135728,21.82711,0.37797818,0.061130747,0.5578791,-0.02211073,-0.61208,-3.3086727,11.405685,0.04346054,0.0066996343,2.0565553,1.5625,0.23833333,0.120611854,0.3783333,0.43414348
C:\Users\Danson\Documents\GitHub\CZ4042-assignment-grouped\input\Actor_07\03-01-01-01-01-02-07.wav,0 days,0 days 00:00:03.803812500,26.122332,0.122362584,24.233612,25.154224,29.699343,5.4657307,16.695415,16.822412,19.828201,0.06065159,0.1385454,1.1235788,0.016568245,0.056653082,0.26414096,0.24757272,2.6561856,1.6114274,2.7302845,1.6297058,0.013071237,0.7220226,1.1542103,0.69606936,5.109769,0.527165,1.8193485,2.8087978,19.552696,0.36800373,521.2396,0.42343482,1109.9437,0.23791935,-125.918205,-0.7319671,1542.4982,0.20511657,-129.63759,-0.6666942,2520.9204,0.15288314,-131.02866,-0.645874,-13.685006,-0.5219017,21.343645,0.4178438,0.06127529,0.5560561,-0.022636754,-0.5788291,-6.976404,16.006626,0.019937962,0.0049701543,1.8469657,1.6042781,0.23166665,0.13582055,0.31714284,0.41223133
C:\Users\Danson\Documents\GitHub\CZ4042-assignment-grouped\input\Actor_07\03-01-01-01-02-01-07.wav,0 days,0 days 00:00:04.137458333,26.387587,0.1335018,23.946575,26.377213,29.57901,5.632435,62.991623,58.206978,15.728401,4.516066,0.1512784,1.1887213,0.014901492,0.029067092,0.28428614,0.26938465,2.4049582,1.163935,3.5536666,2.6938999,0.012914753,0.7498778,1.0379759,0.73320657,5.522699,0.4392794,0.61149365,7.2291346,18.406084,0.4069157,496.49417,0.44445226,1157.1918,0.23996368,-131.19347,-0.69770825,1477.7329,0.19541144,-133.0623,-0.65211946,2446.6804,0.13292167,-134.48026,-0.63212144,-13.0366745,-0.5445676,20.979544,0.41208473,0.086456314,0.45850185,-0.02150207,-0.59091485,-2.7430887,10.806411,0.060372733,0.0068150223,1.9417477,1.2285013,0.292,0.24522641,0.498,0.47679764
C:\Users\Danson\Documents\GitHub\CZ4042-assignment-grouped\input\Actor_07\03-01-01-01-02-02-07.wav,0 days,0 days 00:00:03.737062500,24.003527,0.11742456,21.97926,23.702904,27.439058,5.459799,177.69604,133.90518,25.55709,10.50292,0.12965159,1.0962728,0.014879039,0.06524514,0.22497919,0.21010016,1.5858932,0.87469625,2.0745182,1.3424473,0.013323168,0.9735332,0.96741736,0.83610797,4.727661,0.5649885,3.1274927,1.4033622,19.43695,0.35880274,443.16364,0.39953423,1148.7048,0.26524505,-124.91345,-0.74357635,1388.2533,0.18537924,-129.1684,-0.67664456,2351.6406,0.08751485,-130.90327,-0.65018773,-14.609213,-0.4944512,22.393105,0.36695543,0.05856763,0.58803064,-0.024407692,-0.53815335,-4.3732266,12.233905,0.032750316,0.0043397206,2.1505377,1.6348774,0.22833334,0.10237458,0.42999998,0.38533103
C:\Users\Danson\Documents\GitHub\CZ4042-assignment-grouped\input\Actor_08\03-01-01-01-01-01-08.wav,0 days,0 days 00:00:03.503499999,34.500786,0.067977585,33.13448,33.71285,36.830654,3.6961746,67.60804,23.576633,20.295143,11.468032,0.12160221,1.2995452,0.009126931,0.015634978,0.23566711,0.22654018,3.6332536,1.5127654,3.6217604,1.8665769,0.020706,1.189313,1.2044595,0.8900225,7.5132008,0.5869225,10.132023,0.9340763,22.772345,0.42639786,510.7225,0.44169006,1077.3099,0.18628348,-141.9083,-0.6155268,1598.7524,0.19347,-136.3742,-0.62548614,2624.9534,0.11257772,-138.68785,-0.5907166,-13.484223,-0.6825912,23.97839,0.35519043,0.09185786,0.29978567,-0.013549419,-0.90617514,-16.111109,27.1119,-0.020400891,0.005997872,2.5787966,1.4619883,0.23200001,0.10647065,0.42799997,0.48234427
C:\Users\Danson\Documents\GitHub\CZ4042-assignment-grouped\input\Actor_08\03-01-01-01-01-02-08.wav,0 days,0 days 00:00:03.636979167,34.297977,0.070897855,32.48509,33.775272,36.875984,4.390896,25.01677,10.144145,4.595156,13.33401,0.12504826,1.2673413,0.009774056,0.01935837,0.22725327,0.21747921,3.4424632,1.8127211,2.9157503,1.4566106,0.015668059,0.89095587,0.9529282,0.76912147,7.935671,0.55365753,11.083201,0.8195916,24.103865,0.4267033,553.63403,0.36465967,1138.6305,0.18321522,-141.66049,-0.6104334,1708.9716,0.15893093,-138.43861,-0.6015458,2818.869,0.09272575,-140.10147,-0.57765895,-14.897979,-0.6099598,24.01634,0.3668556,0.087520406,0.38135746,-0.014500914,-0.753064,-16.56763,27.607843,-0.013128222,0.004682106,2.7624311,1.4005603,0.24,0.07321202,0.45,0.4909175
C:\Users\Danson\Documents\GitHub\CZ4042-assignment-grouped\input\Actor_08\03-01-01-01-02-01-08.wav,0 days,0 days 00:00:03.536854167,34.12029,0.067094274,32.010124,34.837833,35.720013,3.7098885,25.492533,11.771771,63.084564,85.16128,0.13516444,1.2565291,0.009393344,0.017291084,0.2698652,0.26047188,2.9080276,1.8900421,2.4783797,1.4712793,0.022334427,1.1457936,0.92878824,0.7420157,7.4192305,0.7155207,10.139357,0.8083456,24.469814,0.37827954,546.279,0.48566014,1106.7465,0.20942141,-129.96165,-0.70366544,1649.4082,0.20357327,-129.869,-0.6676628,2772.4873,0.11618076,-132.46524,-0.62917435,-14.241777,-0.6242444,25.320293,0.37285107,0.09679945,0.3729314,-0.012823007,-0.7773492,-16.35933,27.114681,-0.016332429,0.0057236454,1.9886364,0.86455333,0.45,0.2997777,0.68,0.44594467
C:\Users\Danson\Documents\GitHub\CZ4042-assignment-grouped\input\Actor_08\03-01-01-01-02-02-08.wav,0 days,0 days 00:00:03.503499999,33.220165,0.071488425,31.703505,33.27742,35.16827,3.4647655,59.46975,27.472002,25.792597,13.034694,0.13335054,1.3056605,0.00960653,0.021339893,0.26606053,0.256454,3.4904816,2.3650453,2.3183448,1.2932324,0.022059856,1.2209256,1.0792323,0.7325906,6.7978687,0.6605594,7.410788,1.0179431,24.619434,0.41774067,554.2986,0.4214397,1164.8689,0.18744624,-134.39108,-0.6753533,1655.9408,0.18374181,-131.19945,-0.6667597,2750.7524,0.08328676,-133.88733,-0.62539834,-14.346207,-0.6297056,24.566467,0.31952,0.08943766,0.33029044,-0.01300916,-1.0509629,-16.966188,28.288387,-0.026908576,0.006613471,2.0057306,0.8720931,0.42999998,0.100332774,0.52,0.47576255
C:\Users\Danson\Documents\GitHub\CZ4042-assignment-grouped\input\Actor_09\03-01-01-01-01-01-09.wav,0 days,0 days 00:00:03.269937500,21.35887,0.08818198,19.436195,21.115368,23.271057,3.8348618,153.53775,156.04489,27.088337,18.889027,0.06409745,1.1506876,0.011720042,0.017236209,0.1181276,0.10640756,1.6018991,0.8691548,2.022029,1.3241926,0.023506299,0.7912919,1.4162616,0.6872233,2.9666033,0.77266395,3.0071988,1.4314827,24.022264,0.2609927,550.73895,0.4106026,1270.5146,0.11749784,-148.76201,-0.55020237,1656.8579,0.13398156,-152.93599,-0.4927824,2596.058,0.110804915,-153.80879,-0.4806666,-17.26457,-0.349368,22.280102,0.30389968,0.021610329,1.3708359,-0.017053228,-0.7538425,-23.241758,32.95785,-0.054912195,0.002294782,2.7692308,1.8867925,0.13499999,0.06652067,0.37166667,0.44092387
C:\Users\Danson\Documents\GitHub\CZ4042-assignment-grouped\input\Actor_09\03-01-01-01-01-02-09.wav,0 days,0 days 00:00:03.203208333,21.231623,0.07929858,19.787933,21.08186,22.65501,2.8670769,94.84461,124.0187,24.494999,11.830702,0.052697264,1.184136,0.006039544,0.012345315,0.10190652,0.09586698,1.2054422,0.72194445,1.5690969,1.0412503,0.029378716,0.7944309,1.4397271,0.71924424,3.220835,0.64655614,1.7668481,2.5765707,24.760998,0.23343661,507.54388,0.35742173,1293.7985,0.1487187,-151.77583,-0.5345039,1612.7218,0.12872037,-154.99948,-0.4776134,2571.1982,0.11852632,-155.99132,-0.46448854,-18.3948,-0.37036344,24.603512,0.32768613,0.04633787,0.7325071,-0.015908321,-0.7721958,-8.10376,16.826159,0.021640869,0.0062051676,2.1943574,1.5974442,0.156,0.092217125,0.3733333,0.43994948
C:\Users\Danson\Documents\GitHub\CZ4042-assignment-grouped\input\Actor_09\03-01-01-01-02-01-09.wav,0 days,0 days 00:00:03.336666667,24.74527,0.4076631,19.703705,22.007687,25.219769,5.5160637,54.357903,52.479725,98.81876,0.0,0.060141947,1.2103168,0.0055102645,0.012771346,0.13802534,0.13251507,1.4313705,0.78440285,1.1557713,0.6355695,0.037677877,0.7581655,2.0099168,0.7274771,1.7555261,1.693886,2.6019542,3.0395534,21.568096,0.6647238,521.5066,0.46625203,1350.146,0.134928,-156.8993,-0.50227964,1598.825,0.15052679,-157.09557,-0.47591716,2644.101,0.15075357,-157.91762,-0.46442917,-13.69809,-0.8331057,21.285337,0.6430541,0.061681904,0.7288626,-0.011354223,-1.0501671,-8.110063,17.250414,0.028627759,0.008667082,2.7108433,1.2345679,0.17999999,0.13416408,0.60499996,0.5432541
C:\Users\Danson\Documents\GitHub\CZ4042-assignment-grouped\input\Actor_09\03-01-01-01-02-02-09.wav,0 days,0 days 00:00:03.236583333,22.123331,0.32670128,19.246841,21.147116,22.35693,3.1100883,61.598038,42.037144,80.19131,0.0,0.062433474,1.2537997,0.003703092,0.0140127605,0.12916555,0.12546246,1.2037177,0.7429628,1.6042545,1.0384735,0.026564537,0.82880485,1.3957763,0.6262305,3.004969,0.6181919,5.6994677,1.1800002,21.55295,0.48603934,612.2095,0.4415778,1319.9517,0.26426762,-151.80006,-0.5345846,1641.2572,0.13801008,-153.6052,-0.49050343,2646.5483,0.13422976,-154.3142,-0.47973377,-15.473527,-0.5417966,21.56499,0.39585376,0.05166148,0.8203567,-0.015955105,-0.8434579,-7.8112645,16.66491,0.03694259,0.009924231,2.484472,1.8987342,0.125,0.067515425,0.37166667,0.4408861
C:\Users\Danson\Documents\GitHub\CZ4042-assignment-grouped\input\Actor_10\03-01-01-01-01-01-10.wav,0 days,0 days 00:00:03.536875,36.301098,0.067518614,34.223877,36.79229,38.549953,4.3260765,24.294065,12.62878,16.30703,9.362236,0.28914657,1.2488742,0.012862714,0.027932387,0.5818079,0.56894517,7.3969903,3.8126776,7.8500237,3.6333714,0.017890956,1.1849846,1.2017655,0.8015498,9.087609,0.44818604,7.9564295,1.1572119,21.669796,0.5094269,536.4658,0.43831903,1146.2406,0.22166301,-136.3739,-0.6632129,1545.2598,0.21634671,-125.21547,-0.7102699,2545.1873,0.1400092,-128.22008,-0.66467184,-13.7517,-0.67306155,24.207079,0.4333604,0.11125563,0.27655515,-0.015426127,-0.716479,-9.679735,18.34719,0.016989563,0.00285663,2.5568182,0.57636887,0.715,0.375,0.66333336,0.44969124
C:\Users\Danson\Documents\GitHub\CZ4042-assignment-grouped\input\Actor_10\03-01-01-01-01-02-10.wav,0 days,0 days 00:00:03.837166667,35.06009,0.072219335,33.402424,34.181557,37.46845,4.066025,51.93275,29.483541,55.814514,74.40406,0.2742906,1.0948077,0.030291328,0.11487366,0.55163014,0.5213388,5.8179755,3.8188949,5.6185865,2.5962796,0.019320868,1.0456234,1.1509559,0.73923546,7.565652,0.5561562,8.6914625,0.94513035,23.734724,0.3728742,501.72852,0.39554098,1170.2808,0.23510902,-129.86588,-0.7091549,1513.0118,0.20215729,-124.45793,-0.70768476,2507.8242,0.12285304,-127.253845,-0.6652947,-14.685745,-0.5591197,24.644672,0.36526924,0.11300881,0.29444626,-0.017034343,-0.5599178,-2.3805132,7.8983974,0.039592776,-0.0011807915,2.356021,1.0695187,0.385,0.17698869,0.525,0.44780016
C:\Users\Danson\Documents\GitHub\CZ4042-assignment-grouped\input\Actor_10\03-01-01-01-02-01-10.wav,0 days,0 days 00:00:03.737062500,37.16941,0.05668677,36.273487,37.055485,39.034645,2.761158,25.962729,13.15296,0.946902,8.488131,0.3270877,1.1241469,0.019402303,0.07635683,0.67515963,0.6557573,6.8495803,3.6978257,6.0474057,3.197563,0.015520554,1.1733465,0.95072377,0.9110859,9.828889,0.49043885,9.737984,1.1083739,24.071644,0.3494404,556.9809,0.46485907,1136.9048,0.2560096,-138.95985,-0.63381,1568.4341,0.20979595,-120.58935,-0.7305243,2601.956,0.13305683,-123.337166,-0.6888635,-15.201065,-0.5157445,24.43756,0.39168876,0.10943089,0.25763997,-0.020434199,-0.47949028,-5.2222157,14.7922945,0.034146808,0.0023453569,1.8817204,0.5449591,0.82,0.26999998,0.6666666,0.42240053
C:\Users\Danson\Documents\GitHub\CZ4042-assignment-grouped\input\Actor_10\03-01-01-01-02-02-10.wav,0 days,0 days 00:00:03.670333333,34.989395,0.058862183,33.199783,35.191093,36.833523,3.6337395,31.628296,19.437021,11.688758,3.5452316,0.2447492,1.2604259,0.012890252,0.048411604,0.4868753,0.47398505,6.098608,3.6722548,5.4659657,2.935889,0.014375076,0.9872516,1.050787,0.86409205,9.147795,0.46322593,11.783714,0.7487754,25.994717,0.34804052,514.525,0.51220423,1121.7094,0.30492747,-137.51529,-0.65271777,1476.5927,0.22761443,-126.83761,-0.68981874,2544.6277,0.1461407,-129.66805,-0.64747417,-15.590179,-0.5330202,26.07353,0.3688581,0.114913486,0.29335913,-0.018853351,-0.551971,-8.854295,17.006115,0.008016721,0.0056343977,2.1857924,0.83102494,0.48666668,0.31846854,0.52,0.47534198
C:\Users\Danson\Documents\GitHub\CZ4042-assignment-grouped\input\Actor_11\03-01-01-01-01-01-11.wav,0 days,0 days 00:00:03.136479167,23.81721,0.12917131,20.852295,24.11848,26.632578,5.780283,200.80031,160.19934,36.153767,26.17136,0.07895513,1.2791643,0.008420574,0.013534679,0.1619961,0.15357552,2.750708,1.7870404,2.295991,1.0642916,0.030231737,1.3184767,1.3913674,0.8152637,3.6759613,0.7269169,6.2901697,0.82726824,33.829906,0.28657746,573.2152,0.45506614,1281.8989,0.24952562,-141.68927,-0.60586375,1506.0206,0.20255862,-145.88779,-0.5419353,2580.1313,0.13673557,-148.24689,-0.5089469,-20.562012,-0.47600225,29.785496,0.35055822,0.0430561,0.7113486,-0.01831573,-0.62239885,-15.423597,25.709362,-0.028618917,0.009220676,2.5641026,1.6286645,0.182,0.09682975,0.5075,0.4538929
C:\Users\Danson\Documents\GitHub\CZ4042-assignment-grouped\input\Actor_11\03-01-01-01-01-02-11.wav,0 days,0 days 00:00:03.103104167,26.45531,0.13391256,24.988796,26.446075,27.584839,2.5960426,6.6636662,0.0,27.25614,0.0,0.10269391,1.2669506,0.008129692,0.01568313,0.2302283,0.22209862,3.0493255,2.0415761,2.9148498,1.5493445,0.01734602,0.66308886,1.389596,0.7508691,4.865934,0.5339098,5.694698,1.126347,31.780249,0.29680744,514.75525,0.44582784,1185.4663,0.234653,-135.67978,-0.66329277,1471.4247,0.20828654,-139.90556,-0.5951525,2531.7449,0.115787566,-142.98802,-0.55038494,-18.631866,-0.5348074,28.793304,0.37872052,0.051945515,0.6663487,-0.015183109,-0.87882555,-15.386504,25.937634,-0.02909398,0.007909135,2.588997,0.9868421,0.32666668,0.21139747,0.392,0.43189815
C:\Users\Danson\Documents\GitHub\CZ4042-assignment-grouped\input\Actor_11\03-01-01-01-02-01-11.wav,0 days,0 days 00:00:03.203208333,24.622734,0.08399489,23.176872,24.869593,26.325773,3.148901,130.54254,113.128975,28.823847,10.172247,0.099663965,1.286259,0.008193666,0.012171575,0.23437399,0.22618032,2.3222368,1.5737934,2.3623064,1.4976195,0.022977863,0.76999784,1.4691732,0.73661494,3.8523717,0.8039766,6.9138575,0.6854032,31.292393,0.33935985,524.9538,0.41243577,1200.5364,0.24406235,-136.308,-0.6539237,1569.2305,0.1647723,-140.95256,-0.5839357,2587.4177,0.11336146,-143.04907,-0.55511165,-17.2404,-0.6164568,26.44034,0.45838985,0.04683429,0.7513886,-0.016807087,-0.7580186,-15.009632,25.80534,-0.02425193,0.0093086865,2.1943574,1.2738854,0.255,0.14361405,0.505,0.4361479
C:\Users\Danson\Documents\GitHub\CZ4042-assignment-grouped\input\Actor_11\03-01-01-01-02-02-11.wav,0 days,0 days 00:00:03.169833333,24.213688,0.087773375,22.948385,24.362638,25.723501,2.775116,26.572632,19.983772,25.882795,6.0265865,0.10313991,1.2271873,0.009873954,0.01712492,0.23322694,0.22335298,2.3851845,1.632639,2.1632664,1.1537008,0.024883041,0.7982501,1.2857238,0.6813543,3.7965508,0.6700748,6.4129505,0.8191864,30.862196,0.25705287,545.9426,0.41056436,1228.8436,0.294584,-134.0704,-0.67654294,1563.3754,0.19932479,-139.37488,-0.59843355,2607.6636,0.118159555,-141.1335,-0.57343155,-18.426176,-0.47898194,26.591465,0.36881384,0.044931997,0.81360584,-0.0178059,-0.65598416,-17.960638,28.185308,-0.041692078,0.0072130417,1.904762,0.96774197,0.34666666,0.11115555,0.4975,0.4387126
C:\Users\Danson\Documents\GitHub\CZ4042-assignment-grouped\input\Actor_12\03-01-01-01-01-01-12.wav,0 days,0 days 00:00:03.636958333,34.953857,0.07077774,33.38665,34.64069,36.891502,3.5048523,56.466686,33.966747,20.321957,7.5156097,0.12036053,1.2084992,0.008719824,0.024060672,0.25017554,0.2414557,2.9302185,1.3300102,2.9447823,1.5450497,0.014942476,1.001831,0.977393,0.7618746,9.101576,0.37995106,10.82901,0.76662785,24.49068,0.32756543,491.58957,0.43534532,1176.6578,0.2490666,-147.56638,-0.5701827,1503.2783,0.1898248,-133.7048,-0.63839626,2570.6294,0.10904718,-136.97842,-0.5915826,-14.431978,-0.5591904,25.211298,0.36339328,0.11996125,0.25246707,-0.013300249,-0.6898121,-5.0645747,14.106775,0.0671699,0.009135514,2.2099447,1.4005603,0.256,0.11534297,0.3633333,0.44570792
C:\Users\Danson\Documents\GitHub\CZ4042-assignment-grouped\input\Actor_12\03-01-01-01-01-02-12.wav,0 days,0 days 00:00:03.536875,34.442043,0.06626969,32.564125,34.08968,36.396698,3.832573,52.21538,37.760696,24.147774,7.870271,0.118485436,1.1887214,0.0076454733,0.024857681,0.24192944,0.23428397,3.1664803,1.5684133,3.1157072,1.4030042,0.017003596,0.91619444,1.0303149,0.67014873,8.925348,0.38695222,9.48044,0.8300507,23.871597,0.30001876,489.5303,0.43322408,1187.5021,0.23489814,-141.88579,-0.61809236,1521.388,0.19104813,-131.36674,-0.6530831,2577.1367,0.1143462,-134.47159,-0.60790926,-15.375972,-0.4569602,26.596964,0.28700826,0.09626842,0.46164173,-0.0121918935,-0.7367579,-2.6238434,11.075026,0.058950696,0.009564016,2.5568182,0.86455333,0.43666667,0.2719477,0.5225,0.4701263
C:\Users\Danson\Documents\GitHub\CZ4042-assignment-grouped\input\Actor_12\03-01-01-01-02-01-12.wav,0 days,0 days 00:00:03.603604167,34.02972,0.06666353,32.094746,33.28949,35.958027,3.8632812,25.05808,21.74378,20.570099,10.099319,0.15126985,1.2223023,0.012297904,0.027565299,0.32822165,0.31592375,3.5260158,1.5322248,2.974024,1.4563551,0.012468987,1.0667747,0.8731499,0.74613714,8.996277,0.37968123,7.4435883,0.8352945,22.662354,0.3862161,501.42242,0.45889544,1135.4513,0.24154285,-128.86055,-0.71393806,1487.5143,0.17134607,-126.59566,-0.6934814,2551.3665,0.11679591,-129.61252,-0.6487471,-14.063678,-0.45736334,25.333273,0.29405633,0.10993909,0.30217272,-0.012596624,-0.6307443,-4.1730976,13.570524,0.051478926,0.008230764,1.9498608,0.84745765,0.47666666,0.3662725,0.6766666,0.40876505
C:\Users\Danson\Documents\GitHub\CZ4042-assignment-grouped\input\Actor_12\03-01-01-01-02-02-12.wav,0 days,0 days 00:00:03.636979167,33.782948,0.059642646,32.158623,33.277912,35.43414,3.2755165,20.135448,17.709057,15.185621,6.0910835,0.14059247,1.1667025,0.00649131,0.024071608,0.29180843,0.28531712,2.2367227,1.2948928,2.561966,1.2339438,0.012345963,0.99786526,0.7615838,0.7208671,9.049508,0.42431337,5.023332,1.1064131,22.75665,0.35616523,501.85535,0.50581765,1109.6783,0.31246075,-128.2921,-0.7188948,1506.6013,0.21934731,-124.48321,-0.7100597,2571.3276,0.12678002,-127.896805,-0.65896624,-14.113522,-0.4481401,24.484856,0.29632017,0.112679444,0.29890108,-0.014415033,-0.64548117,-5.514909,14.269517,0.04015782,0.010067969,1.9337018,0.84033614,0.4933333,0.11897712,0.66999996,0.40472212
C:\Users\Danson\Documents\GitHub\CZ4042-assignment-grouped\input\Actor_13\03-01-01-01-01-01-13.wav,0 days,0 days 00:00:03.169833333,24.629227,0.10630444,22.444654,23.176008,27.720285,5.275631,15.814679,10.455899,23.310156,10.297905,0.09167115,1.5054902,0.0051232316,0.009094237,0.18238887,0.17726564,2.6840632,1.7058392,2.7793612,1.608489,0.0171662,0.7764921,1.2516212,0.6938179,3.2347596,0.7699897,0.6625471,6.143887,20.164997,0.43744898,593.6856,0.48724303,1175.2152,0.24545968,-142.60678,-0.612774,1575.3873,0.19866566,-144.9803,-0.5720823,2549.7222,0.14710155,-146.90477,-0.5443854,-12.799275,-0.4916093,23.59504,0.31088132,0.07776009,0.41054276,-0.015542527,-0.69645923,-8.270834,18.703817,0.012685717,0.010606115,2.2222223,1.9354839,0.14333333,0.066999175,0.35,0.44918445
C:\Users\Danson\Documents\GitHub\CZ4042-assignment-grouped\input\Actor_13\03-01-01-01-01-02-13.wav,0 days,0 days 00:00:03.203187500,24.804632,0.1057378,22.071926,23.962976,27.942562,5.870636,15.216847,7.884562,17.0009,6.899299,0.09215941,1.4542156,0.005483211,0.009549738,0.18018481,0.1747016,3.082783,2.00336,2.750151,1.5336455,0.015097861,0.5882553,1.3709782,0.59037864,3.7553527,0.58353686,1.7873783,2.3311884,21.024769,0.4644866,454.0196,0.38160816,1252.6067,0.23046139,-141.75829,-0.62651676,1402.9889,0.17265429,-143.89333,-0.5855326,2383.5283,0.12163438,-146.09975,-0.55241704,-13.844179,-0.54286313,24.595436,0.35068834,0.06684263,0.44574386,-0.017021654,-0.63596916,-8.264609,18.850796,0.012382951,0.009011266,1.8808779,1.5923568,0.17999999,0.09612492,0.355,0.44917518
C:\Users\Danson\Documents\GitHub\CZ4042-assignment-grouped\input\Actor_13\03-01-01-01-02-01-13.wav,0 days,0 days 00:00:03.069729167,26.384447,0.111421116,23.233133,26.65274,29.635443,6.4023094,176.12401,105.66212,6.723062,9.209217,0.10180638,1.4755759,0.0061672684,0.008562104,0.22474842,0.21858115,2.4856899,1.4556999,3.466922,2.5762503,0.018377218,0.81487095,1.2791675,0.6395414,3.630309,0.6646643,0.1810372,28.001827,19.725878,0.38302028,520.2561,0.42496136,1248.0483,0.15728618,-142.7208,-0.62293357,1493.4478,0.1719319,-143.37332,-0.59686846,2508.2666,0.13307506,-145.67389,-0.5637403,-11.83021,-0.48494083,22.181622,0.32934245,0.086390376,0.28062397,-0.012856498,-0.8518182,-8.897854,19.991732,0.0074240896,0.01013623,2.295082,1.0,0.29333332,0.077602975,0.5125,0.45762295
C:\Users\Danson\Documents\GitHub\CZ4042-assignment-grouped\input\Actor_13\03-01-01-01-02-02-13.wav,0 days,0 days 00:00:03.136458333,26.046389,0.11044507,23.723452,25.888195,28.894089,5.170637,32.56324,16.772003,-3.0921097,17.95852,0.12657413,1.4708935,0.0060154423,0.009698151,0.26311764,0.2571022,3.0221817,1.8498399,3.482137,1.9723952,0.02309701,1.2310185,1.3414426,0.78127176,2.898632,1.0193301,1.9886178,2.7603025,17.928024,0.447519,606.1377,0.4797149,1160.4329,0.18714812,-137.84785,-0.66338134,1632.2979,0.19386043,-138.70985,-0.63453734,2672.46,0.14207049,-140.11948,-0.61313605,-10.0032215,-0.5823798,20.084522,0.35632613,0.09027656,0.33140415,-0.012503289,-0.8065846,-7.5078034,18.019081,0.011429001,0.012611921,2.2435899,0.9771987,0.32333332,0.09030811,0.5075,0.4628377
C:\Users\Danson\Documents\GitHub\CZ4042-assignment-grouped\input\Actor_14\03-01-01-01-01-01-14.wav,0 days,0 days 00:00:03.470125,36.70967,0.10304709,33.127647,34.895195,41.422302,8.294655,28.455582,12.553177,-1.3973074,15.36638,0.07108192,1.372122,0.0010339657,0.008600717,0.14491995,0.14388599,2.3844748,1.8801893,1.9436862,0.95086354,0.01311691,0.8278922,1.3033943,0.76518786,8.61743,0.3105272,9.758567,1.1671106,25.180483,0.42251515,630.4176,0.34258178,1198.0154,0.19144346,-165.5674,-0.43001357,1722.7212,0.1452362,-162.87016,-0.42178637,2836.6704,0.08402232,-163.41159,-0.4137429,-13.316481,-0.7654888,21.718128,0.55949116,0.117789954,0.27610594,-0.019286111,-0.68089956,-5.5717983,13.610967,0.09979417,0.00900367,2.3121388,1.7595309,0.11,0.019148542,0.36857143,0.44524238
C:\Users\Danson\Documents\GitHub\CZ4042-assignment-grouped\input\Actor_14\03-01-01-01-01-02-14.wav,0 days,0 days 00:00:03.336666667,35.97842,0.06570602,34.111343,34.96567,38.01878,3.9074364,102.666855,0.0,-3.2540379,11.461957,0.06808218,1.3101363,0.0035108137,0.010036241,0.13546681,0.131956,1.8382956,1.1831211,1.9493371,1.0640994,0.014345942,0.82007426,0.8824363,0.6355089,8.837806,0.29038575,11.33413,0.84989876,27.017593,0.31151175,610.91516,0.3003632,1128.983,0.2073122,-164.2575,-0.44207582,1731.7388,0.12504746,-162.87791,-0.42390186,2812.566,0.083698116,-163.59146,-0.4128355,-14.636536,-0.6802055,22.183184,0.46884468,0.12883718,0.19940351,-0.019542689,-0.6158,-3.333439,11.289111,0.08257437,0.008150056,2.1084337,1.8348624,0.10833333,0.07289643,0.3557143,0.45650405
C:\Users\Danson\Documents\GitHub\CZ4042-assignment-grouped\input\Actor_14\03-01-01-01-02-01-14.wav,0 days,0 days 00:00:03.470145833,38.213573,0.07001577,36.419353,37.34427,41.938313,5.518959,185.15442,245.85068,18.958595,3.1166391,0.09004057,1.3240643,0.0043844115,0.009512902,0.1828816,0.17849718,2.7802496,1.756963,2.3024087,1.3397781,0.012867056,0.9526255,1.0552757,0.84167606,8.526725,0.5352802,6.115995,1.7482162,22.0135,0.32263285,691.898,0.2293521,1181.2809,0.25354254,-155.69287,-0.49931058,1776.584,0.13210541,-152.2785,-0.5026358,3017.9358,0.0988487,-154.24959,-0.47380883,-12.165269,-0.77865815,21.969675,0.46523356,0.12597635,0.22416218,-0.014898053,-0.94444215,-2.6089942,10.6001625,0.08919759,0.010328641,2.3121388,1.4662757,0.17999999,0.08876937,0.478,0.5051494
C:\Users\Danson\Documents\GitHub\CZ4042-assignment-grouped\input\Actor_14\03-01-01-01-02-02-14.wav,0 days,0 days 00:00:03.570229167,38.01874,0.08973613,35.327568,37.836117,41.57441,6.2468414,88.31849,75.39736,39.764935,27.030659,0.09308153,1.3035048,0.0045701084,0.0118096415,0.18363287,0.17906275,2.8699706,1.315207,2.26364,1.1295067,0.016916377,1.0220755,0.97958547,0.6310059,8.774935,0.42165005,7.561721,1.5435854,24.353071,0.3650656,622.8003,0.30427843,1206.486,0.26283717,-149.36232,-0.5579262,1681.6459,0.17430599,-147.44374,-0.54132986,2836.7505,0.09155452,-150.28996,-0.50146407,-12.526872,-0.7353478,24.163025,0.48527992,0.12750335,0.21636486,-0.017520798,-0.7708248,-2.666675,10.993496,0.09002591,0.011119427,2.8089888,1.7094017,0.16333334,0.13816254,0.3983333,0.455793
C:\Users\Danson\Documents\GitHub\CZ4042-assignment-grouped\input\Actor_15\03-01-01-01-01-01-15.wav,0 days,0 days 00:00:03.370041667,27.240923,0.120925836,24.268822,27.416553,30.53694,6.268118,78.12747,83.82398,19.636215,3.6598856,0.1785082,1.4390199,0.009942703,0.019799802,0.34214687,0.33220416,6.428337,3.850631,6.320741,3.2417505,0.023015516,0.8624199,1.785175,0.77534354,3.848131,0.888758,6.8940616,1.5154448,19.245998,0.5377262,585.131,0.51878166,1164.4286,0.25332472,-133.05263,-0.6842139,1576.013,0.21540278,-132.92918,-0.66553307,2608.5078,0.14410748,-135.4937,-0.6275492,-11.148606,-0.6791597,20.50867,0.37948322,0.055824094,0.6381369,-0.014041144,-0.9270917,-8.785032,18.196896,0.0122217005,0.009251975,2.0833335,1.2084593,0.29,0.12186058,0.68,0.45284286
C:\Users\Danson\Documents\GitHub\CZ4042-assignment-grouped\input\Actor_15\03-01-01-01-01-02-15.wav,0 days,0 days 00:00:03.436770833,27.354233,0.07644847,25.389305,27.918407,28.88047,3.4911652,44.989384,23.05576,25.136454,9.720762,0.15806495,1.4979134,0.009050136,0.017529663,0.28336594,0.2743158,5.287848,3.1971838,5.7518845,3.2356634,0.018341875,0.7558982,1.6914802,0.7889221,3.125654,1.2723371,3.057401,1.5716785,17.018349,0.47371647,519.48315,0.52596694,1224.5043,0.22155787,-139.65642,-0.6358928,1476.662,0.21418227,-138.87434,-0.62572825,2525.5732,0.123413324,-140.82298,-0.5958693,-10.522276,-0.7184387,18.484869,0.4386317,0.059487082,0.5821301,-0.014152025,-0.71452343,-13.996447,24.18529,-0.012054615,0.005301822,2.0467837,1.4836795,0.21,0.12696455,0.3683333,0.46823844
C:\Users\Danson\Documents\GitHub\CZ4042-assignment-grouped\input\Actor_15\03-01-01-01-02-01-15.wav,0 days,0 days 00:00:03.436750,25.57452,0.14177264,23.45858,24.667257,29.583702,6.125122,121.47115,153.43387,58.72603,37.965004,0.18319243,1.3954278,0.009498799,0.016763043,0.38482317,0.37532437,6.3434224,3.1077917,5.221881,3.114543,0.08424961,1.8929056,1.4027553,0.66555095,2.3308682,1.4109666,2.9880736,5.526237,16.705074,0.6596594,577.1076,0.49160066,1253.9534,0.20268857,-138.97243,-0.63617426,1582.2949,0.19723627,-137.40565,-0.63109386,2631.4072,0.13036266,-139.4163,-0.6020411,-10.828216,-0.5836922,18.92601,0.35344127,0.06018641,0.558347,-0.013457388,-0.7889385,-16.096941,26.523308,-0.015886897,0.0050464272,2.0467837,1.4836795,0.218,0.19187495,0.36166668,0.43506384
C:\Users\Danson\Documents\GitHub\CZ4042-assignment-grouped\input\Actor_15\03-01-01-01-02-02-15.wav,0 days,0 days 00:00:03.403395833,26.982681,0.093508475,24.658468,27.189903,29.690365,5.0318966,50.650913,33.08143,22.65153,5.1959324,0.18200168,1.4265285,0.009819697,0.018152969,0.34291747,0.3330978,6.527385,3.290285,5.554815,3.592434,0.01872113,0.8502997,1.5239533,0.76419574,3.928517,0.7629589,3.2811365,1.6034479,19.321964,0.38454124,537.0403,0.51701736,1223.4928,0.22360915,-132.93086,-0.6918906,1535.8381,0.23132913,-133.61226,-0.6644413,2543.9856,0.14655706,-135.8335,-0.630835,-11.370884,-0.58363384,20.77666,0.35636994,0.07170563,0.46022046,-0.01456594,-0.6948697,-14.896646,24.864746,-0.01425878,0.005893201,2.0648968,1.1976048,0.2875,0.1660384,0.5225,0.4629997
C:\Users\Danson\Documents\GitHub\CZ4042-assignment-grouped\input\Actor_16\03-01-01-01-01-01-16.wav,0 days,0 days 00:00:03.737062500,31.995466,0.08820228,30.05684,32.17728,34.7697,4.712858,139.51993,86.879074,16.815971,5.946273,0.124925725,1.265125,0.0041978043,0.0254918,0.24203467,0.23783687,4.3155026,2.4696417,2.817556,1.4093744,0.020422999,1.5713319,1.1578763,0.7523979,6.607904,0.59864163,4.8371677,1.8266042,26.286509,0.43188196,535.6663,0.33968213,1243.2095,0.16410993,-136.30453,-0.6505607,1627.0024,0.20553958,-139.1423,-0.5926934,2672.091,0.13852032,-140.71786,-0.56962156,-16.068756,-0.64225286,25.620869,0.46898198,0.11732359,0.26434928,-0.024744373,-0.49837327,-3.8795388,12.009755,0.09709214,0.011253597,2.688172,1.6348774,0.20333333,0.106249176,0.33142856,0.4192997
C:\Users\Danson\Documents\GitHub\CZ4042-assignment-grouped\input\Actor_16\03-01-01-01-01-02-16.wav,0 days,0 days 00:00:03.737083333,32.386078,0.13229863,31.49999,32.997185,35.713284,4.213293,284.84204,31.687136,35.74207,31.783611,0.13570845,1.334954,0.0044544223,0.035332587,0.23260498,0.22815056,4.30117,2.9955122,2.9854155,1.7989937,0.03503465,2.1887379,1.3616587,0.7697908,6.568142,0.7441879,6.1652026,1.105285,24.138481,0.49375165,526.589,0.3082973,1245.5647,0.18747768,-140.2138,-0.6245088,1594.4335,0.21099156,-136.3542,-0.61741585,2627.25,0.14026798,-137.80647,-0.59583044,-15.372838,-0.6617034,24.19812,0.46739784,0.124467745,0.2600466,-0.0250409,-0.52226275,-3.057857,11.020413,0.090781935,0.010076367,2.688172,1.6348774,0.21,0.078951456,0.3783333,0.43445048
C:\Users\Danson\Documents\GitHub\CZ4042-assignment-grouped\input\Actor_16\03-01-01-01-02-01-16.wav,0 days,0 days 00:00:03.603604167,33.842487,0.1042825,31.46353,34.256622,37.385017,5.921488,14.561291,6.084625,23.894066,9.960811,0.19065316,1.310988,0.009079159,0.028722769,0.35430336,0.3452242,4.241722,3.2898068,4.067505,3.2459772,0.016943917,1.0501323,1.2606021,0.80523884,6.105015,0.7483412,3.9756134,2.3454027,21.802359,0.50619805,554.85974,0.36490124,1219.283,0.23210852,-128.18497,-0.7286395,1632.9403,0.17311303,-127.543045,-0.6926587,2670.1062,0.11296092,-129.4109,-0.66454595,-13.329209,-0.60009885,22.538834,0.4799914,0.1186629,0.29561728,-0.024147427,-0.49029002,-5.594083,12.640695,0.07840419,0.0043857857,2.2284124,0.84745765,0.46666667,0.37508515,0.5175,0.41918817
C:\Users\Danson\Documents\GitHub\CZ4042-assignment-grouped\input\Actor_16\03-01-01-01-02-02-16.wav,0 days,0 days 00:00:03.570229167,33.987736,0.0804117,32.00111,34.88646,36.000206,3.999096,33.149773,19.625841,23.433704,7.6943355,0.16311078,1.3576927,0.004843203,0.023786647,0.30030337,0.29546016,4.71386,3.8838637,3.1616993,1.259588,0.01729517,1.1037917,1.1241739,0.65553594,7.3803196,0.47598237,4.7053986,1.9083209,24.841856,0.4488473,540.589,0.31544656,1210.9465,0.16964312,-134.91676,-0.66846514,1632.1655,0.15855245,-135.02151,-0.6267004,2689.2434,0.10343421,-136.74655,-0.602169,-15.246427,-0.6171525,24.307886,0.54554147,0.12205096,0.24656805,-0.024448866,-0.5068889,-3.1816359,10.21821,0.094160646,0.009475239,1.9662921,1.4245014,0.24799998,0.08518215,0.42999998,0.43382022
C:\Users\Danson\Documents\GitHub\CZ4042-assignment-grouped\input\Actor_17\03-01-01-01-01-01-17.wav,0 days,0 days 00:00:03.837166667,23.797356,0.09371823,22.092518,23.188484,25.481413,3.388895,79.31843,55.637,32.530422,38.46067,0.15112686,1.3403226,0.009608217,0.02464948,0.28699356,0.27738535,2.9990153,2.079557,3.0377164,2.061581,0.034593593,1.4379065,1.5016626,0.81247276,3.8939867,0.79345226,4.7565475,0.9839907,25.763103,0.26665205,614.2727,0.49268356,1235.4983,0.26532158,-124.76045,-0.7444963,1582.9111,0.19077057,-127.58615,-0.69330674,2720.22,0.12792258,-130.87468,-0.6443969,-14.287209,-0.41143644,25.756607,0.3044541,0.03997344,0.9251944,-0.009532773,-1.2056231,-16.939669,27.653095,-0.031474262,0.009141239,1.8324608,0.795756,0.49666667,0.24499433,0.5525,0.48853737
C:\Users\Danson\Documents\GitHub\CZ4042-assignment-grouped\input\Actor_17\03-01-01-01-01-02-17.wav,0 days,0 days 00:00:03.503499999,23.320782,0.10716187,21.377262,23.536171,25.080132,3.7028694,77.78112,93.95073,35.710247,29.472506,0.14833786,1.4509871,0.008889442,0.017440723,0.29418325,0.28529382,4.757212,3.1895022,4.560602,2.2757494,0.030116035,0.7805499,1.6934949,0.60509276,2.3015552,1.3690665,4.4664054,1.0690583,23.392302,0.29770997,629.3985,0.4504928,1231.6805,0.23330459,-130.6358,-0.7009812,1590.0778,0.1819804,-133.55153,-0.64782035,2675.9668,0.12136464,-135.38455,-0.6210517,-13.345369,-0.5392767,23.944582,0.31073728,0.025734123,1.5723367,-0.009534987,-1.2466207,-16.562323,27.40647,-0.030748913,0.008578845,2.2922635,0.5813954,0.64,0.52,0.7033333,0.47611856
C:\Users\Danson\Documents\GitHub\CZ4042-assignment-grouped\input\Actor_17\03-01-01-01-02-01-17.wav,0 days,0 days 00:00:03.503499999,24.307268,0.08189073,22.776049,24.079376,26.455566,3.6795177,179.98477,183.3609,22.552378,11.548917,0.18513082,1.3584994,0.009421113,0.024375414,0.37858826,0.36916715,4.955593,4.1133986,5.5637865,4.824119,0.016956082,0.94787055,1.4324207,0.62305075,3.8467596,0.7113761,3.0145886,1.734816,22.909576,0.34991783,642.5371,0.42418256,1332.2455,0.23489067,-130.16159,-0.6968059,1580.8334,0.18651316,-129.85338,-0.68284065,2740.012,0.11657435,-133.0093,-0.63501495,-12.029807,-0.5635653,24.134066,0.35109618,0.044320285,0.8644813,-0.010541683,-1.2519926,-15.303735,26.123564,-0.02486634,0.009974304,2.2922635,0.8720931,0.4333333,0.33993462,0.5175,0.45849615
C:\Users\Danson\Documents\GitHub\CZ4042-assignment-grouped\input\Actor_17\03-01-01-01-02-02-17.wav,0 days,0 days 00:00:03.470125,23.761568,0.056246597,22.985619,23.780762,24.832117,1.8464985,183.88014,173.17235,12.175346,3.8388457,0.17378569,1.3613482,0.011274639,0.021647133,0.33927822,0.3280036,4.405267,4.669029,3.0763576,2.0037684,0.021606376,1.2179327,1.533386,0.88337433,4.05299,0.68617076,4.006169,1.062321,24.654623,0.34481657,639.40796,0.4189379,1269.8284,0.20843941,-130.40086,-0.70445085,1633.8088,0.18396749,-132.0876,-0.66438437,2728.1409,0.121695265,-134.32567,-0.63048524,-13.696192,-0.55370677,24.675001,0.34894383,0.045269176,0.72351474,-0.010807086,-1.1530292,-12.67099,23.96399,-0.026467355,0.012987048,1.4450867,0.87976545,0.41666666,0.34451255,0.5225,0.4678341
C:\Users\Danson\Documents\GitHub\CZ4042-assignment-grouped\input\Actor_18\03-01-01-01-01-01-18.wav,0 days,0 days 00:00:03.470145833,32.1949,0.02128862,31.728342,31.928278,32.624733,0.8963909,111.82353,60.593468,12.141014,6.493051,0.08281613,1.1838975,0.0015547076,0.017167978,0.19818579,0.19663107,2.2495127,1.1924587,1.9459174,1.2952288,0.014144425,1.1647809,0.9248198,1.0869025,9.207639,0.3118777,4.8205614,0.75505334,29.901323,0.23877086,478.0519,0.34789371,1238.9241,0.20632921,-139.55,-0.6308509,1497.1217,0.20056528,-141.02753,-0.577682,2566.2708,0.13177769,-144.05264,-0.53496754,-17.560825,-0.4063434,29.07267,0.29534873,0.105408035,0.1664736,-0.02227416,-0.5026886,-2.4938815,10.6466465,0.09274021,0.011703073,2.8901734,1.7595309,0.18166666,0.09081422,0.3633333,0.44379675
C:\Users\Danson\Documents\GitHub\CZ4042-assignment-grouped\input\Actor_18\03-01-01-01-01-02-18.wav,0 days,0 days 00:00:03.536875,32.319283,0.031286433,31.426716,31.933216,33.236298,1.8095818,57.27066,34.310406,15.661974,7.828984,0.0904299,1.1949128,0.0015298752,0.013823403,0.21732214,0.21579227,2.2829561,1.5565711,2.40166,1.0635548,0.012644021,0.9803245,1.0853018,1.0260562,8.79959,0.35135618,3.8014147,1.3197324,28.663317,0.31430957,545.6215,0.37180996,1239.042,0.19737987,-135.6924,-0.64968616,1572.4113,0.21792872,-139.95909,-0.58056605,2637.4229,0.14430621,-142.81047,-0.5395157,-17.267193,-0.4736689,29.124266,0.33058992,0.101459295,0.2537428,-0.02205444,-0.5236434,-2.7398853,11.12152,0.09984095,0.012649716,2.5568182,1.7291067,0.19166666,0.09081422,0.36666667,0.43786094
C:\Users\Danson\Documents\GitHub\CZ4042-assignment-grouped\input\Actor_18\03-01-01-01-02-01-18.wav,0 days,0 days 00:00:03.470125,33.00397,0.047807533,31.602095,33.366753,34.583492,2.9813976,113.15467,63.581844,19.390688,8.70958,0.081345394,1.2373692,0.0014213641,0.012364585,0.1854227,0.18400134,1.8155352,1.132532,1.488247,0.80486697,0.011476315,1.0101612,0.901602,1.0855368,9.717751,0.2830741,3.0870116,1.410827,31.01028,0.2026607,490.01758,0.32471523,1232.6237,0.18763706,-135.55295,-0.65740997,1450.1464,0.24500027,-139.59181,-0.5824061,2636.0872,0.13430479,-142.94019,-0.5357728,-19.188002,-0.36554042,30.189667,0.29426536,0.11768016,0.26111123,-0.02124499,-0.46570033,-2.5532331,12.012791,0.098590665,0.014732634,2.0231214,1.4662757,0.22999999,0.12473973,0.35833332,0.4299386
C:\Users\Danson\Documents\GitHub\CZ4042-assignment-grouped\input\Actor_18\03-01-01-01-02-02-18.wav,0 days,0 days 00:00:03.470145833,32.10697,0.032311607,31.49017,32.08386,33.01959,1.529419,42.57962,22.77183,12.156483,7.399469,0.09125505,1.2408481,0.001832246,0.012339256,0.2204855,0.21865325,1.9271498,1.0728855,1.9134365,1.2520481,0.0122874,1.1372825,0.93931437,1.0402294,8.993722,0.3563218,2.3012807,1.6952595,29.10912,0.25859827,513.9688,0.3386893,1289.451,0.15395412,-129.75075,-0.7089354,1526.3538,0.19836965,-134.84212,-0.63139296,2589.6206,0.13481814,-138.82216,-0.57365835,-16.34313,-0.40618002,29.590282,0.2615595,0.109220475,0.22794895,-0.021670384,-0.4669004,-1.584644,9.709531,0.09340841,0.013066407,2.0231214,1.1730206,0.29999998,0.136565,0.424,0.45071498
C:\Users\Danson\Documents\GitHub\CZ4042-assignment-grouped\input\Actor_19\03-01-01-01-01-01-19.wav,0 days,0 days 00:00:03.370041667,25.750937,0.056658354,24.798306,25.621239,27.269724,2.4714184,48.009373,22.718834,4.372473,9.919727,0.1023503,1.3088224,0.008098858,0.01487726,0.20955062,0.20145176,1.9515659,1.4010051,2.1687593,1.205875,0.03505466,3.5033748,1.1706811,0.9084102,5.313611,0.5453694,2.2092013,1.8279798,27.82767,0.24269117,481.166,0.48943272,1225.1027,0.21370187,-132.39246,-0.702764,1422.2081,0.20767711,-135.98988,-0.64303285,2548.6423,0.13919368,-139.6814,-0.5887202,-16.119518,-0.4537946,25.782183,0.2914841,0.081814624,0.364567,-0.0180713,-0.7639034,-13.665016,24.617956,-0.012752124,0.009582925,1.7857144,1.2084593,0.2775,0.09470348,0.525,0.47505262
C:\Users\Danson\Documents\GitHub\CZ4042-assignment-grouped\input\Actor_19\03-01-01-01-01-02-19.wav,0 days,0 days 00:00:03.236562500,26.218288,0.10911114,23.466352,25.976044,28.486824,5.0204716,79.195206,58.167786,18.776054,14.029899,0.10307479,1.2393242,0.00856469,0.020634478,0.21351984,0.20495515,2.9405985,2.148231,2.1808736,1.4647857,0.022921434,1.6518942,1.1798295,0.9043957,4.775078,0.70329046,5.6356087,0.84708565,28.672024,0.26180765,450.604,0.503997,1286.0708,0.23619838,-128.78764,-0.73261184,1413.8962,0.19742651,-132.02902,-0.6688399,2486.0989,0.1308688,-135.9192,-0.61167055,-15.595816,-0.54970944,26.048544,0.37386766,0.077083535,0.36213884,-0.01632214,-0.7870592,-12.336821,22.135609,-0.0015845349,0.010095572,2.795031,1.2618297,0.2825,0.098075226,0.48499998,0.43130615
C:\Users\Danson\Documents\GitHub\CZ4042-assignment-grouped\input\Actor_19\03-01-01-01-02-01-19.wav,0 days,0 days 00:00:03.336666667,26.399311,0.22172764,23.271008,25.164537,27.77707,4.5060616,898.2259,624.8677,43.48435,27.820164,0.10799454,1.2080276,0.0081031155,0.01481504,0.22857429,0.22047117,3.4957206,2.2251263,2.1786354,1.0120455,0.028202573,2.9251246,1.1419361,0.9310761,4.871698,0.69369334,1.4650002,2.6724072,24.237946,0.39000756,480.5746,0.50352424,1243.437,0.17713694,-131.33241,-0.71568197,1439.5549,0.18641937,-132.65802,-0.66473854,2544.331,0.14524977,-135.59811,-0.62112415,-13.665276,-0.68429995,23.629356,0.49168336,0.0784513,0.33511207,-0.013468951,-0.9831849,-12.69975,22.79923,-0.017893516,0.01183648,2.4096386,1.529052,0.226,0.1747684,0.5025,0.46267563
C:\Users\Danson\Documents\GitHub\CZ4042-assignment-grouped\input\Actor_19\03-01-01-01-02-02-19.wav,0 days,0 days 00:00:03.303291667,25.929207,0.11002304,23.021141,24.962889,28.717793,5.6966515,80.732185,95.546425,16.105541,3.1266112,0.11405631,1.2797176,0.008173879,0.013506646,0.235305,0.22713111,3.2534006,2.0191932,2.7896101,1.5421607,0.015561005,1.3347598,1.0281217,0.7998663,4.9989805,0.67228043,0.42220902,13.7849,25.576895,0.2867538,471.0107,0.53212893,1246.0254,0.19387777,-134.76329,-0.68434846,1434.4163,0.19001116,-134.37878,-0.65439004,2572.3687,0.13544153,-137.44435,-0.6085251,-14.730412,-0.6367226,24.408405,0.42363557,0.095223956,0.29656202,-0.013908676,-0.95969474,-12.654736,22.489914,-0.0068943766,0.010495272,2.431611,1.2345679,0.2775,0.16361158,0.408,0.4473656
C:\Users\Danson\Documents\GitHub\CZ4042-assignment-grouped\input\Actor_20\03-01-01-01-01-01-20.wav,0 days,0 days 00:00:03.470125,35.20034,0.13682665,33.489708,35.523285,39.673706,6.183998,33.27053,3.221314,24.574924,10.378147,0.09447988,1.2707704,0.0010339657,0.008489971,0.21619625,0.21516229,2.8909068,1.7844185,2.3661745,1.1845671,0.02767156,1.5425677,0.99479705,0.7798661,8.200682,0.5537144,7.2074995,1.0794165,21.537107,0.32620844,555.3618,0.41199356,1059.4747,0.2505527,-159.94673,-0.47544825,1626.071,0.19611505,-150.98438,-0.5213755,2683.1196,0.085859396,-152.3486,-0.50067633,-10.856369,-0.81711906,20.381422,0.49749827,0.12874852,0.22786285,-0.015422246,-0.8631966,-2.0065138,8.890281,0.11355934,0.012314482,2.601156,1.7595309,0.145,0.088081405,0.3442857,0.43463796
C:\Users\Danson\Documents\GitHub\CZ4042-assignment-grouped\input\Actor_20\03-01-01-01-01-02-20.wav,0 days,0 days 00:00:03.570229167,37.697136,0.11061838,35.832207,38.376587,40.795666,4.963459,-60.410435,55.382572,17.366457,0.10267639,0.12790851,1.296653,0.003210598,0.014295338,0.2685017,0.2652911,3.2276578,1.4569297,3.3987243,1.5663687,0.025368955,2.4311218,1.0688547,0.7386276,8.730207,0.48389447,5.540227,1.9982148,17.552248,0.43846712,576.5873,0.4572539,1019.3983,0.22978304,-158.49954,-0.48399413,1649.6775,0.21002404,-139.41914,-0.60648286,2763.0574,0.1097863,-141.29718,-0.57810885,-9.925272,-0.8937945,19.02247,0.52237904,0.12993485,0.22633496,-0.015293277,-0.7654735,-1.1752168,8.030786,0.108875245,0.01178465,1.9662921,1.4245014,0.222,0.12367699,0.38166666,0.45546374
C:\Users\Danson\Documents\GitHub\CZ4042-assignment-grouped\input\Actor_20\03-01-01-01-02-01-20.wav,0 days,0 days 00:00:03.436770833,35.85712,0.16523443,33.56109,37.775658,39.200764,5.639675,90.79355,99.8453,42.26294,9.823763,0.108789615,1.3526258,0.0010339657,0.009278597,0.21456411,0.21353015,2.7796106,1.4606342,2.973009,1.7948313,0.021262225,1.3666575,1.0732704,0.60119545,7.8113155,0.5008592,7.3171177,1.3805257,24.386868,0.28947413,501.3761,0.31618837,1067.0449,0.25485364,-160.71255,-0.4699494,1578.5753,0.1857302,-144.11014,-0.5707679,2704.3694,0.09875555,-146.37572,-0.5382647,-11.944702,-0.7219125,21.015434,0.510732,0.12826985,0.2527305,-0.01942573,-0.5812726,-2.9549375,9.993894,0.10506408,0.013886271,2.3391814,1.4836795,0.196,0.11976644,0.38,0.43950728
C:\Users\Danson\Documents\GitHub\CZ4042-assignment-grouped\input\Actor_20\03-01-01-01-02-02-20.wav,0 days,0 days 00:00:03.536875,36.69619,0.14296654,34.489487,38.351665,40.914757,6.42527,14.760288,4.354534,24.931257,0.0,0.12262763,1.3360116,0.0011789352,0.011821602,0.24272755,0.24154861,3.1663487,1.5270139,2.8093352,1.6207794,0.016544532,1.7419084,1.029151,0.69656044,8.476011,0.52083874,6.4530635,1.3390814,21.101343,0.34619668,530.1323,0.41190726,994.84314,0.2985015,-155.04478,-0.51477915,1583.6786,0.19928142,-137.42972,-0.623268,2692.3108,0.095336705,-139.28091,-0.5957044,-10.809247,-0.8100791,18.80126,0.5564589,0.132103,0.21363454,-0.018765908,-0.68357253,-0.4622249,6.8612227,0.108971104,0.013764841,1.9886364,1.4409221,0.22799999,0.14246403,0.37,0.43615744
C:\Users\Danson\Documents\GitHub\CZ4042-assignment-grouped\input\Actor_21\03-01-01-01-01-01-21.wav,0 days,0 days 00:00:03.837166667,22.025518,0.10196664,19.80118,22.282019,23.875584,4.074404,49.545753,54.32625,10.541982,30.439137,0.19772387,1.3911514,0.007885749,0.030041844,0.38125882,0.37337306,6.3302326,3.6252208,4.8289285,2.671973,0.03969047,2.612976,1.4962317,0.63243926,2.0592666,1.8252254,3.8758237,1.3470646,21.81792,0.3844316,485.7908,0.42030737,1149.7001,0.18059726,-127.92757,-0.7367545,1484.2809,0.17962274,-131.26953,-0.6797639,2547.0789,0.09096897,-133.79741,-0.6412646,-13.128533,-0.55644035,22.594448,0.38581964,0.06473954,0.5001407,-0.016670382,-0.61715513,-7.969065,17.200605,0.028443197,0.004325817,2.094241,1.32626,0.26799998,0.13962807,0.3866667,0.4565693
C:\Users\Danson\Documents\GitHub\CZ4042-assignment-grouped\input\Actor_21\03-01-01-01-01-02-21.wav,0 days,0 days 00:00:03.970625,21.629997,0.10009246,19.929602,21.64102,23.12909,3.1994877,126.09292,125.39372,16.453943,35.733425,0.18052611,1.3468874,0.008962933,0.03408907,0.34015885,0.33119592,5.4250894,3.6771188,3.7550302,2.3145046,0.019460183,1.4378542,1.6006025,0.70277214,2.27825,1.5453079,1.9583864,2.147808,24.791306,0.26413235,484.33752,0.42234355,1136.9294,0.1771991,-128.1043,-0.73016477,1498.357,0.20578073,-132.38431,-0.6580131,2537.2095,0.09996288,-135.39682,-0.61276317,-15.198152,-0.4580399,26.622555,0.2994346,0.05884242,0.6283936,-0.017759971,-0.6132021,-10.225494,19.916302,0.018432364,0.0030221536,1.7676768,1.534527,0.23166665,0.18747592,0.474,0.45000446
C:\Users\Danson\Documents\GitHub\CZ4042-assignment-grouped\input\Actor_21\03-01-01-01-02-01-21.wav,0 days,0 days 00:00:03.603604167,22.528482,0.26386598,20.30433,21.492203,23.201685,2.8973541,85.48874,1.9793725,45.646835,0.0,0.21859692,1.3667552,0.006279428,0.0317086,0.4747948,0.46851537,5.5515227,5.0750623,4.490979,2.5315182,0.031065315,1.168251,1.3927859,0.59583175,1.5510857,2.0554557,2.9691572,1.29412,21.736301,0.45394307,564.08966,0.4375867,1162.5935,0.20379642,-123.14985,-0.77235156,1572.9875,0.21687545,-125.33183,-0.71499777,2657.06,0.11921221,-127.51903,-0.68094414,-13.799578,-0.6851922,23.513275,0.45113388,0.05660937,0.63045186,-0.014426389,-0.85164887,-5.113765,13.619133,0.036002126,0.00833046,2.2284124,1.1299435,0.35,0.20420578,0.51,0.44547725
C:\Users\Danson\Documents\GitHub\CZ4042-assignment-grouped\input\Actor_21\03-01-01-01-02-02-21.wav,0 days,0 days 00:00:03.670333333,21.351124,0.1024101,19.611584,21.382196,22.78525,3.173666,60.53177,32.341698,10.061465,20.00159,0.18529412,1.3489662,0.0070639164,0.029662142,0.4239219,0.416858,3.8437753,2.9306862,3.478936,2.0673888,0.022931062,1.0090444,1.2998533,0.7482974,1.4657476,2.7256608,3.0056984,1.9808905,22.800085,0.31358203,482.79385,0.44112834,1198.8754,0.18551852,-123.65626,-0.7678603,1496.3075,0.19116105,-127.74943,-0.7029982,2577.2432,0.10549467,-130.94067,-0.6547516,-13.549793,-0.582161,24.656532,0.3631529,0.054274186,0.694657,-0.013712422,-0.7607021,-5.7503386,15.238693,0.033144027,0.007524626,1.9125683,1.1080333,0.3425,0.15880412,0.53499997,0.44048268
C:\Users\Danson\Documents\GitHub\CZ4042-assignment-grouped\input\Actor_22\03-01-01-01-01-01-22.wav,0 days,0 days 00:00:03.636979167,33.12766,0.05638201,31.25708,32.65198,34.598484,3.341404,65.19447,68.12072,17.344028,6.7902136,0.118871786,1.1880697,0.0063831042,0.02452195,0.26917374,0.26279065,2.9055114,1.5139066,2.9461079,1.2719933,0.01231929,1.3558695,0.840393,0.8236642,8.9033985,0.35534933,3.5083473,2.2896883,20.759089,0.34258232,513.50604,0.4772308,1130.4335,0.28223288,-136.61589,-0.6406703,1485.152,0.22044499,-134.95285,-0.63510513,2558.9805,0.11869398,-138.36636,-0.5844307,-11.333447,-0.59743196,23.683361,0.37337685,0.118361495,0.24364196,-0.015319574,-0.65938914,-3.832598,13.023187,0.05789037,0.008530877,2.486188,1.6806723,0.19833334,0.11724854,0.32142857,0.4329114
C:\Users\Danson\Documents\GitHub\CZ4042-assignment-grouped\input\Actor_22\03-01-01-01-01-02-22.wav,0 days,0 days 00:00:03.436770833,33.852776,0.07047175,31.597717,32.958923,36.37539,4.777672,12.359348,4.0576787,16.730377,5.2537565,0.12594093,1.2574298,0.006673374,0.02830464,0.24474621,0.23807283,3.365773,1.7789639,3.816147,2.1218204,0.014232439,1.074263,1.0357846,0.7525241,8.291826,0.33071944,7.048174,1.414474,21.434267,0.3351833,479.43994,0.43344963,1136.8451,0.19787082,-141.33324,-0.6155713,1481.6653,0.20396452,-136.33327,-0.626468,2517.3682,0.11351327,-138.77293,-0.58976567,-11.485657,-0.6378921,21.069708,0.44134983,0.12738149,0.21287324,-0.01518687,-0.5375385,-1.7033052,10.667636,0.059243172,0.009823347,2.3391814,1.7804155,0.18666665,0.094633795,0.35166666,0.441566
C:\Users\Danson\Documents\GitHub\CZ4042-assignment-grouped\input\Actor_22\03-01-01-01-02-01-22.wav,0 days,0 days 00:00:03.603583333,33.71389,0.072867334,31.243523,34.008186,36.75075,5.507229,44.160927,34.388927,14.428265,3.1666477,0.1342356,1.2655454,0.0051417537,0.034228552,0.25064623,0.24550448,3.122096,1.4495618,2.907751,1.2247717,0.013262259,1.2387823,0.9581074,0.76002216,8.500793,0.37744877,3.5791397,2.4934294,22.933126,0.3707428,477.44196,0.38148132,1165.328,0.18245897,-134.63144,-0.67756134,1451.9592,0.15420397,-131.99667,-0.66374105,2575.3916,0.09144103,-135.72966,-0.60949826,-12.912195,-0.53645796,23.967363,0.39059237,0.12778959,0.23097621,-0.015169184,-0.6702052,-3.1874614,12.505098,0.062215447,0.007371454,2.2284124,1.1299435,0.3175,0.17809759,0.436,0.45292822
C:\Users\Danson\Documents\GitHub\CZ4042-assignment-grouped\input\Actor_22\03-01-01-01-02-02-22.wav,0 days,0 days 00:00:03.536854167,33.917088,0.06036358,31.623718,34.22769,35.784184,4.1604652,26.1231,18.685966,12.71384,2.5799108,0.1252933,1.2505683,0.0070750895,0.03860712,0.23130468,0.22422959,3.232939,1.2889353,2.7407014,1.761931,0.010761721,0.92543715,0.9660678,0.9042578,8.543613,0.39449367,8.30231,1.1021211,23.606295,0.31306046,496.46918,0.43978244,1151.0621,0.2650659,-140.45699,-0.62678176,1482.7932,0.18340689,-137.38628,-0.61807185,2586.0217,0.10384067,-140.13847,-0.5773982,-12.583655,-0.6874246,22.752218,0.476643,0.12403888,0.2407485,-0.012479386,-0.8078074,-1.8636627,11.584466,0.057029776,0.010624259,2.2727273,1.4409221,0.23200001,0.14246403,0.36666667,0.43060678
C:\Users\Danson\Documents\GitHub\CZ4042-assignment-grouped\input\Actor_23\03-01-01-01-01-01-23.wav,0 days,0 days 00:00:03.803791667,29.334677,0.083190255,27.177784,28.108223,31.799118,4.621334,23.34087,14.442752,14.744591,4.234766,0.19971915,1.4492207,0.0060279313,0.021126838,0.37561297,0.36958504,4.8594403,2.408584,4.7557783,2.6928043,0.012544797,0.8643809,1.2599533,0.7587427,5.8824587,0.5279548,3.3920348,1.5746592,16.56867,0.46814936,423.78598,0.41865268,1208.1772,0.1864676,-130.76503,-0.70179486,1397.2001,0.16815315,-129.2255,-0.69178385,2408.8665,0.09587676,-131.13484,-0.66212493,-9.979415,-0.7087456,18.184137,0.4402247,0.08682622,0.34018457,-0.010462875,-0.86530924,-5.0088277,13.662924,0.04983715,0.009094463,1.8469657,1.0695187,0.345,0.13425721,0.454,0.4494708
C:\Users\Danson\Documents\GitHub\CZ4042-assignment-grouped\input\Actor_23\03-01-01-01-01-02-23.wav,0 days,0 days 00:00:03.737062500,29.637424,0.06874098,27.47367,30.188974,31.42729,3.953621,21.885456,12.665985,19.148176,5.830531,0.224571,1.4198723,0.007354976,0.018162824,0.502,0.494645,6.5073814,3.1181254,6.025112,3.3742504,0.019262673,1.2929295,1.34811,0.6581441,5.4858217,0.64354604,3.268728,1.546948,15.196886,0.5159236,464.44748,0.49783698,1230.7815,0.1736718,-129.1034,-0.7182045,1443.1244,0.18738268,-128.7069,-0.7029691,2467.3228,0.11802576,-130.49942,-0.6752986,-8.739057,-0.79782575,16.768225,0.46291777,0.07908583,0.34639147,-0.008708466,-1.07068,-9.536662,19.35974,0.01190298,0.008117878,2.1505377,0.8174387,0.45999998,0.080415584,0.555,0.45345894
C:\Users\Danson\Documents\GitHub\CZ4042-assignment-grouped\input\Actor_23\03-01-01-01-02-01-23.wav,0 days,0 days 00:00:03.670333333,29.53132,0.06615538,28.043812,29.867983,31.124136,3.0803242,18.596004,11.212189,19.817242,4.1022286,0.24401174,1.4004902,0.0046573523,0.01454794,0.5772585,0.5726012,5.909634,2.9117377,6.4061823,3.9986897,0.014950978,0.88150257,1.1567161,0.7222612,5.822555,0.5500158,2.1205251,1.7763087,15.1801195,0.44787365,485.50238,0.49761343,1244.4109,0.18226534,-135.12541,-0.67157173,1467.3542,0.18894547,-130.76738,-0.6868204,2477.4507,0.107138835,-132.29474,-0.6637378,-9.056175,-0.69126546,16.742733,0.4713388,0.09774763,0.30752522,-0.010960182,-0.83757955,-4.9783916,13.228255,0.043478753,0.0103198085,1.9125683,0.83102494,0.44,0.08485281,0.555,0.43557432
C:\Users\Danson\Documents\GitHub\CZ4042-assignment-grouped\input\Actor_23\03-01-01-01-02-02-23.wav,0 days,0 days 00:00:03.837166667,29.548006,0.07646407,28.030022,29.689938,31.236654,3.2066326,35.38787,33.605206,23.535948,6.3729606,0.23936544,1.3997456,0.006289105,0.023018043,0.56034213,0.554053,5.469724,2.877432,5.710151,3.9185467,0.017832544,1.1284554,1.2463069,0.85238826,5.849568,0.51726604,3.4045796,1.2283187,15.760652,0.47037968,446.76312,0.56217545,1277.2389,0.18540911,-135.65706,-0.6686485,1411.7354,0.16966343,-132.02388,-0.6750511,2439.9224,0.11488834,-133.66818,-0.6504073,-8.984269,-0.76543796,16.741163,0.4722786,0.08937645,0.38366044,-0.010897058,-0.7991191,-5.653178,14.085945,0.058275722,0.008389369,1.8324608,1.0638298,0.33499998,0.1872832,0.46599996,0.42074218
C:\Users\Danson\Documents\GitHub\CZ4042-assignment-grouped\input\Actor_24\03-01-01-01-01-01-24.wav,0 days,0 days 00:00:03.703708333,36.171497,0.04606839,34.86819,36.109295,38.16251,3.2943192,59.544025,58.96489,13.420462,5.742438,0.12066683,1.2985706,0.0012229198,0.010471814,0.23386034,0.23263742,2.3994954,1.2477049,2.9029694,1.8123826,0.013157292,1.0134974,0.9642716,0.95910317,9.538697,0.42903978,7.5286236,1.591544,24.384666,0.3400865,547.3007,0.44294932,1229.3838,0.27598742,-145.20912,-0.58647585,1587.3428,0.23787208,-137.07448,-0.6252778,2592.734,0.16679458,-139.62552,-0.58614177,-13.060267,-0.699988,24.179882,0.34256092,0.14755842,0.14812471,-0.017186275,-0.7074274,-2.776437,10.234092,0.12703903,0.012286444,2.1680217,1.6483517,0.19999999,0.10893423,0.32999998,0.4240957
C:\Users\Danson\Documents\GitHub\CZ4042-assignment-grouped\input\Actor_24\03-01-01-01-01-02-24.wav,0 days,0 days 00:00:03.636958333,36.106834,0.07189931,34.864254,36.12909,37.887264,3.0230103,-126.82064,116.99977,15.918526,8.193821,0.12414868,1.3017862,0.0032701374,0.012062733,0.24453814,0.24126801,2.9029686,1.5585895,2.5879786,1.3991878,0.015335709,0.9821511,1.18576,0.8596859,8.750864,0.44744685,6.4880943,1.7625899,21.46982,0.4304821,528.3883,0.45210028,1149.1512,0.22002809,-153.9552,-0.5145923,1592.666,0.1959394,-142.6075,-0.58238363,2579.686,0.14226145,-144.66135,-0.55089253,-10.4831295,-0.7379745,20.926657,0.35415995,0.14614575,0.15822658,-0.014946109,-0.82753986,-1.7375886,8.840322,0.12606622,0.00957172,2.486188,1.9607843,0.14428571,0.041007712,0.29625,0.41321716
C:\Users\Danson\Documents\GitHub\CZ4042-assignment-grouped\input\Actor_24\03-01-01-01-02-01-24.wav,0 days,0 days 00:00:03.636979167,37.10887,0.054780453,35.13816,37.044052,38.99652,3.8583603,31.353859,15.973717,14.085146,4.713038,0.14074421,1.3001986,0.0013149863,0.012444923,0.2823823,0.2810673,2.7530546,1.2575499,2.7721775,1.711918,0.016709438,1.5615569,0.9876621,0.845326,8.491132,0.6781721,8.257077,1.5669806,21.613073,0.43411604,480.7312,0.39126244,1182.3552,0.21952972,-144.80385,-0.5972661,1506.1526,0.18803664,-130.22171,-0.6783067,2505.8284,0.1350412,-132.35832,-0.6446847,-12.94856,-0.69121784,22.804447,0.40564898,0.13197918,0.17567477,-0.01509234,-0.6460932,-1.3625063,9.083201,0.11432693,0.01333251,2.2099447,1.1204482,0.33249998,0.21924587,0.42999998,0.4412256
C:\Users\Danson\Documents\GitHub\CZ4042-assignment-grouped\input\Actor_24\03-01-01-01-02-02-24.wav,0 days,0 days 00:00:03.603604167,36.27399,0.06558776,34.886326,36.755222,37.510193,2.623867,21.406328,13.775183,8.779737,0.0,0.14979637,1.3734514,0.0035173655,0.015661715,0.28867945,0.2851621,2.755002,1.3010341,2.842937,1.9520093,0.011186114,1.1756419,0.9030929,0.810255,9.8982935,0.4487766,7.9582524,1.8858858,22.996805,0.42296687,484.23,0.43140352,1214.2462,0.1572686,-151.96352,-0.5473244,1529.827,0.17144485,-137.2541,-0.6315519,2536.7092,0.11634976,-139.86212,-0.592299,-13.538186,-0.6330868,23.630035,0.34543812,0.14120542,0.15794873,-0.017083736,-0.6006914,-2.1484656,8.655568,0.112064235,0.008566801,1.9498608,1.4124295,0.23200001,0.18475929,0.3783333,0.44016728
